date,origin,destination,airline,travel_class,days_to_departure,price,currency
2026-08-22,BOM,BLR,6E,Economy,35,3658.53,INR
2026-08-17,DEL,CCU,UK,Economy,2,10190.85,INR
2026-08-12,DEL,BOM,SG,Economy,3,6058.42,INR
2026-08-13,DEL,CCU,UK,Economy,10,9037.66,INR
2026-08-27,DEL,CCU,6E,Economy,3,7423.02,INR
2026-07-16,DEL,HYD,SG,Business,14,4824.45,INR
2026-08-20,BOM,BLR,SG,Economy,18,4192.98,INR
2026-07-27,DEL,HYD,UK,Economy,30,6564.23,INR
2026-08-13,BLR,HYD,QP,Economy,35,3928.62,INR
2026-08-18,DEL,CCU,AI,Economy,1,8204.52,INR
2026-07-29,DEL,HYD,UK,Economy,14,6948.18,INR
2026-07-16,DEL,MAA,UK,Economy,7,9372.54,INR
2026-08-13,BOM,BLR,6E,Economy,14,4213.5,INR
2026-08-04,DEL,MAA,SG,Business,2,6313.52,INR
2026-07-22,DEL,MAA,UK,Business,7,8843.77,INR
2026-08-23,BOM,BLR,UK,Economy,30,5438.76,INR
2026-07-22,DEL,BOM,UK,Economy,1,8124.48,INR
2026-08-13,BLR,HYD,QP,Economy,18,4243.83,INR
2026-08-10,DEL,BOM,QP,Economy,5,6392.01,INR
2026-08-12,BLR,HYD,QP,Business,1,4959.72,INR
2026-07-14,BLR,HYD,6E,Economy,40,3624.26,INR
2026-07-15,DEL,CCU,AI,Economy,14,7084.93,INR
2026-07-21,BOM,BLR,SG,Business,35,3492.24,INR
2026-07-29,BOM,BLR,QP,Economy,7,4570.86,INR
2026-08-05,DEL,HYD,6E,Economy,7,5232.63,INR
2026-08-21,DEL,CCU,6E,Economy,10,6503.83,INR
2026-08-27,BOM,BLR,AI,Economy,35,4138.67,INR
2026-08-24,DEL,BOM,SG,Business,14,5441.41,INR
2026-08-19,DEL,MAA,QP,Economy,21,5533.06,INR
2026-08-02,BOM,BLR,QP,Business,14,4629.07,INR
2026-08-02,BOM,BLR,AI,Economy,2,5259.37,INR
2026-07-21,DEL,BOM,UK,Economy,35,6539.13,INR
2026-07-27,DEL,HYD,AI,Economy,35,5085.21,INR
2026-08-19,BOM,BLR,UK,Economy,3,6550.03,INR
2026-07-31,DEL,CCU,SG,Economy,30,5386.75,INR
2026-08-21,DEL,BOM,AI,Business,2,7308.85,INR
2026-07-21,DEL,BOM,6E,Economy,5,6039.22,INR
2026-07-22,DEL,MAA,6E,Economy,10,6675.65,INR
2026-08-04,BOM,BLR,SG,Economy,45,3215.03,INR
2026-08-23,DEL,BOM,UK,Economy,10,8081.57,INR
2026-08-11,DEL,MAA,QP,Economy,25,5908.97,INR
2026-07-19,BLR,HYD,6E,Economy,7,5129.73,INR
2026-08-27,BLR,HYD,6E,Economy,25,3948.82,INR
2026-07-29,DEL,MAA,QP,Economy,21,5811.66,INR
2026-07-23,DEL,BOM,6E,Economy,40,4219.47,INR
2026-07-23,DEL,CCU,6E,Economy,21,5945.45,INR
2026-07-19,DEL,MAA,6E,Business,30,5206.4,INR
2026-08-23,DEL,BOM,SG,Economy,1,6202.1,INR
2026-08-06,DEL,HYD,UK,Economy,40,5278.49,INR
2026-08-22,DEL,HYD,SG,Economy,25,4460.16,INR
2026-07-19,DEL,CCU,QP,Economy,30,5885.42,INR
2026-08-23,DEL,HYD,AI,Economy,10,5687.41,INR
2026-07-22,DEL,MAA,SG,Economy,35,5043.29,INR
2026-07-21,DEL,MAA,SG,Economy,10,5988.09,INR
2026-08-21,DEL,MAA,6E,Economy,10,6392.62,INR
2026-08-07,DEL,MAA,AI,Economy,18,7043.17,INR
2026-08-24,DEL,BOM,SG,Economy,45,4086.64,INR
2026-08-08,BLR,HYD,UK,Economy,10,5980.19,INR
2026-07-25,BLR,HYD,SG,Economy,14,4483.89,INR
2026-08-02,BOM,BLR,6E,Economy,18,4099.04,INR
2026-07-20,DEL,BOM,SG,Economy,10,5406.55,INR
2026-07-22,DEL,MAA,QP,Business,1,6729.62,INR
2026-08-01,DEL,MAA,SG,Business,21,5742.14,INR
2026-07-15,BLR,HYD,QP,Economy,21,4158.99,INR
2026-07-19,DEL,HYD,AI,Economy,1,6840.83,INR
2026-07-30,BLR,HYD,AI,Business,3,5434.6,INR
2026-08-04,DEL,BOM,QP,Economy,45,4296.45,INR
2026-08-06,DEL,CCU,AI,Economy,40,5634.62,INR
2026-08-23,DEL,MAA,UK,Economy,35,6947.5,INR
2026-08-18,BLR,HYD,QP,Economy,10,4598.85,INR
2026-08-17,DEL,MAA,SG,Economy,1,6217.19,INR
2026-08-04,BOM,BLR,6E,Economy,25,4028.06,INR
2026-07-30,BLR,HYD,QP,Economy,45,3317.37,INR
2026-08-18,DEL,MAA,6E,Economy,40,5150.58,INR
2026-08-25,DEL,HYD,6E,Economy,45,3866.0,INR
2026-08-27,DEL,BOM,QP,Business,21,5376.38,INR
2026-08-16,DEL,BOM,SG,Economy,3,5626.76,INR
2026-07-28,BLR,HYD,6E,Economy,3,5250.65,INR
2026-07-15,DEL,BOM,QP,Economy,35,4968.1,INR
2026-07-26,DEL,CCU,SG,Economy,35,5176.46,INR
2026-07-29,DEL,CCU,QP,Economy,14,6973.13,INR
2026-07-16,BLR,HYD,QP,Economy,30,3925.87,INR
2026-07-20,DEL,CCU,6E,Economy,21,6539.82,INR
2026-07-24,DEL,BOM,AI,Economy,25,5637.07,INR
2026-08-12,BOM,BLR,AI,Economy,3,5671.47,INR
2026-08-19,BLR,HYD,SG,Business,2,4678.84,INR
2026-08-17,BLR,HYD,UK,Economy,3,6910.95,INR
2026-07-29,BLR,HYD,QP,Business,7,4713.28,INR
2026-08-24,DEL,HYD,6E,Economy,18,4809.16,INR
2026-08-03,DEL,MAA,UK,Economy,18,8280.48,INR
2026-07-17,DEL,MAA,6E,Economy,2,7274.79,INR
2026-08-21,DEL,HYD,AI,Economy,25,5498.0,INR
2026-08-11,DEL,BOM,AI,Economy,30,5309.4,INR
2026-08-03,DEL,HYD,6E,Economy,30,4842.04,INR
2026-07-30,DEL,CCU,UK,Economy,45,7164.99,INR
2026-07-29,DEL,MAA,SG,Economy,2,6467.29,INR
2026-08-20,BLR,HYD,SG,Economy,2,4955.45,INR
2026-08-04,DEL,BOM,SG,Economy,2,5779.66,INR
2026-07-29,DEL,HYD,SG,Economy,25,4599.74,INR
2026-07-18,BOM,BLR,AI,Economy,45,3926.61,INR
2026-08-13,DEL,HYD,AI,Business,5,6696.46,INR
2026-08-18,BOM,BLR,SG,Economy,21,3817.07,INR
2026-07-21,DEL,CCU,QP,Economy,35,5993.82,INR
2026-08-01,BOM,BLR,QP,Economy,30,3756.43,INR
2026-08-14,BOM,BLR,6E,Business,3,4862.2,INR
2026-08-25,DEL,CCU,SG,Business,21,6233.52,INR
2026-07-18,DEL,HYD,QP,Economy,2,5928.19,INR
2026-07-16,BOM,BLR,QP,Economy,3,4972.53,INR
2026-08-06,BLR,HYD,AI,Economy,30,4477.53,INR
2026-08-21,DEL,CCU,6E,Business,18,5991.25,INR
2026-08-09,DEL,BOM,SG,Economy,1,6319.29,INR
2026-08-17,DL,MA,UK,Economy,5,6200,INR
2026-07-14,DEL,CCU,SG,Economy,25,5576.25,INR
2026-08-01,BOM,BLR,UK,Economy,35,5052.47,INR
2026-07-27,DEL,BOM,SG,Economy,45,3758.46,INR
2026-07-14,BLR,HYD,QP,Economy,35,3607.6,INR
2026-08-10,DEL,MAA,QP,Economy,25,5757.78,INR
2026-07-20,BOM,BLR,AI,Economy,45,3820.96,INR
2026-08-25,DEL,BOM,AI,Business,35,5022.57,INR
2026-08-04,BOM,BLR,6E,Economy,3,5205.06,INR
2026-08-23,DEL,BOM,AI,Business,40,4615.64,INR
2026-07-20,DEL,MAA,UK,Economy,14,8364.8,INR
2026-08-01,BOM,BLR,AI,Business,14,4963.08,INR
2026-08-22,BLR,HYD,AI,Economy,10,5415.33,INR
2026-08-22,DEL,BOM,QP,Economy,7,6007.54,INR
2026-08-15,DEL,HYD,SG,Economy,10,4987.53,INR
2026-07-21,DEL,MAA,SG,Business,21,5116.9,INR
2026-08-07,DEL,BOM,UK,Economy,35,6569.87,INR
2026-07-15,DEL,HYD,QP,Economy,21,4851.58,INR
2026-08-04,DEL,CCU,QP,Economy,30,6306.68,INR
2026-08-17,DEL,BOM,UK,Economy,18,6940.6,INR
2026-08-04,BLR,HYD,SG,Economy,30,3710.8,INR
2026-08-18,DEL,BOM,AI,Economy,7,6649.95,INR
2026-08-19,BLR,HYD,AI,Economy,10,5145.36,INR
2026-07-14,BLR,HYD,SG,Economy,3,4735.79,INR
2026-08-12,BOM,BLR,SG,Business,45,3284.78,INR
2026-07-25,DEL,MAA,UK,Business,14,8502.58,INR
2026-07-26,DEL,CCU,SG,Economy,21,6047.05,INR
2026-07-26,DEL,CCU,QP,Economy,45,5189.93,INR
2026-08-16,DEL,HYD,UK,Economy,14,7175.87,INR
2026-08-19,BLR,HYD,QP,Business,7,5074.15,INR
2026-08-27,DEL,HYD,QP,Economy,2,5699.92,INR
2026-08-27,DEL,CCU,6E,Economy,25,5975.5,INR
2026-08-16,DEL,BOM,6E,Economy,3,6555.87,INR
2026-08-13,DEL,HYD,QP,Business,3,6375.74,INR
2026-07-29,DEL,MAA,QP,Economy,45,4411.27,INR
2026-08-19,DEL,BOM,UK,Economy,21,7179.12,INR
2026-08-22,BOM,BLR,AI,Economy,2,5330.18,INR
2026-07-25,BOM,BLR,6E,Economy,25,3968.01,INR
2026-08-05,DEL,BOM,UK,Economy,21,6895.33,INR
2026-08-14,DEL,BOM,QP,Economy,35,5004.12,INR
2026-08-14,DEL,HYD,QP,Economy,10,5876.42,INR
2026-07-29,BOM,BLR,SG,Business,45,2952.28,INR
2026-08-08,DEL,MAA,UK,Economy,25,7666.63,INR
2026-08-02,DEL,CCU,QP,Economy,18,6401.9,INR
2026-08-11,DEL,CCU,6E,Economy,25,6176.07,INR
2026-07-30,BOM,BLR,6E,Economy,40,3543.12,INR
2026-08-11,BLR,HYD,SG,Economy,2,5012.04,INR
2026-07-14,DEL,BOM,SG,Business,2,5620.29,INR
2026-08-02,DEL,HYD,UK,Economy,7,7718.87,INR
2026-08-03,DEL,BOM,6E,Economy,40,4386.27,INR
2026-07-20,BOM,BLR,UK,Economy,2,6343.77,INR
2026-08-21,DEL,CCU,AI,Economy,30,6421.72,INR
2026-07-18,DEL,CCU,SG,Economy,10,6743.7,INR
2026-08-11,DEL,HYD,UK,Economy,45,5475.55,INR
2026-07-18,DEL,CCU,SG,Business,10,6124.77,INR
2026-08-10,DEL,CCU,SG,Economy,14,6404.11,INR
2026-07-31,DEL,CCU,UK,Business,1,10436.33,INR
2026-07-16,DEL,HYD,UK,Economy,45,5728.57,INR
2026-08-04,DEL,CCU,AI,Economy,35,6624.36,INR
2026-08-19,BOM,BLR,AI,Economy,3,5294.5,INR
2026-08-18,DEL,BOM,SG,Economy,2,5967.41,INR
2026-07-31,DEL,CCU,UK,Economy,1,10520.69,INR
2026-07-25,BOM,BLR,6E,Business,10,4638.06,INR
2026-07-17,DEL,CCU,UK,Economy,7,8934.44,INR
2026-08-25,BLR,HYD,SG,Economy,7,4401.55,INR
2026-07-22,BOM,BLR,UK,Business,1,6599.91,INR
2026-08-05,DEL,HYD,UK,Business,10,7430.12,INR
2026-08-18,DEL,MAA,UK,Business,45,6011.02,INR
2026-08-06,BOM,BLR,AI,Economy,25,4694.71,INR
2026-08-16,DEL,BOM,QP,Business,7,5754.26,INR
2026-08-25,BLR,HYD,AI,Economy,25,4659.51,INR
2026-07-17,DEL,HYD,6E,Business,10,5706.15,INR
2026-07-26,DEL,HYD,SG,Economy,2,5933.38,INR
2026-07-22,DEL,CCU,AI,Economy,1,8882.66,INR
2026-08-15,DEL,BOM,AI,Economy,14,6045.83,INR
2026-07-30,DEL,CCU,SG,Economy,21,5943.53,INR
2026-07-22,DEL,HYD,UK,Business,3,8417.22,INR
2026-08-24,DEL,MAA,QP,Business,35,4865.64,INR
2026-07-16,BLR,HYD,6E,Economy,10,4724.8,INR
2026-08-07,BOM,BLR,UK,Economy,14,5588.37,INR
2026-08-12,BOM,BLR,SG,Business,3,4639.94,INR
2026-08-16,DEL,CCU,SG,Economy,7,6665.16,INR
2026-08-01,DEL,BOM,UK,Economy,35,6183.42,INR
2026-08-07,DEL,MAA,SG,Economy,14,5853.92,INR
2026-07-31,DEL,HYD,6E,Business,21,4650.87,INR
2026-07-22,DEL,BOM,AI,Business,21,6069.24,INR
2026-07-15,DEL,BOM,6E,Economy,21,5054.5,INR
2026-08-13,DEL,MAA,6E,Economy,3,6939.28,INR
2026-08-26,DEL,CCU,6E,Economy,21,5897.54,INR
2026-07-15,DEL,HYD,AI,Economy,18,5562.49,INR
2026-07-18,DEL,MAA,QP,Economy,18,6046.74,INR
2026-08-21,DEL,HYD,AI,Economy,2,6733.86,INR
2026-08-08,BLR,HYD,AI,Economy,21,4969.52,INR
2026-07-22,BLR,HYD,6E,Business,35,3544.93,INR
2026-07-15,DEL,MAA,QP,Economy,3,7251.33,INR
2026-08-27,BLR,HYD,UK,Economy,14,6494.31,INR
2026-08-04,BOM,BLR,QP,Economy,45,3531.75,INR
2026-08-10,DEL,BOM,6E,Economy,10,5365.61,INR
2026-07-21,BLR,HYD,AI,Economy,40,3927.61,INR
2026-07-18,DEL,MAA,UK,Economy,1,9207.04,INR
2026-08-03,DEL,HYD,UK,Business,1,8496.86,INR
2026-07-23,DEL,MAA,AI,Economy,40,5239.95,INR
2026-08-19,DEL,MAA,UK,Economy,10,8871.93,INR
2026-08-20,DEL,CCU,6E,Economy,40,5030.63,INR
2026-08-10,DEL,CCU,UK,Economy,7,9138.53,INR
2026-08-17,DEL,HYD,SG,Economy,35,4081.97,INR
2026-07-16,DEL,BOM,UK,Economy,3,8640.26,INR
2026-07-31,BOM,BLR,SG,Economy,5,4604.7,INR
2026-07-23,BOM,BLR,UK,Economy,45,4590.67,INR
2026-07-31,BOM,BLR,UK,Economy,40,4682.12,INR
2026-07-15,DEL,MAA,UK,Business,18,8504.81,INR
2026-07-15,BOM,BLR,SG,Economy,21,4014.11,INR
2026-08-09,DEL,MAA,SG,Economy,25,5496.7,INR
2026-08-11,DEL,MAA,UK,Business,5,9120.8,INR
2026-08-06,DEL,CCU,QP,Economy,2,7512.77,INR
2026-08-21,BOM,BLR,UK,Economy,18,5610.34,INR
2026-07-30,DEL,MAA,UK,Business,1,9484.17,INR
2026-08-16,BOM,BLR,UK,Business,40,4501.44,INR
2026-08-08,BOM,BLR,UK,Economy,21,5592.76,INR
2026-08-08,DEL,HYD,QP,Economy,10,5874.96,INR
2026-08-09,BLR,HYD,SG,Economy,30,3965.8,INR
2026-07-30,BOM,BLR,QP,Economy,25,4333.33,INR
2026-08-17,DEL,BOM,6E,Economy,2,6408.7,INR
2026-07-22,BLR,HYD,UK,Economy,35,5352.42,INR
2026-07-30,BOM,BLR,QP,Business,30,3728.52,INR
2026-07-25,BLR,HYD,QP,Business,35,3934.54,INR
2026-07-20,DEL,CCU,UK,Economy,21,8910.6,INR
2026-07-25,DEL,MAA,AI,Economy,35,5510.46,INR
2026-07-28,DEL,MAA,AI,Economy,5,7251.08,INR
2026-07-18,BLR,HYD,SG,Business,3,4475.78,INR
2026-08-25,DEL,BOM,SG,Economy,7,5240.89,INR
2026-07-31,DEL,BOM,QP,Economy,1,6110.79,INR
2026-08-18,BOM,BLR,SG,Economy,1,4648.37,INR
2026-08-13,BLR,HYD,6E,Economy,5,4842.27,INR
2026-07-29,BLR,HYD,QP,Economy,25,4010.65,INR
2026-07-28,BLR,HYD,SG,Economy,21,4021.52,INR
2026-08-25,DEL,MAA,UK,Economy,7,8396.44,INR
2026-08-23,BOM,BLR,AI,Economy,25,4344.81,INR
2026-07-15,BOM,BLR,AI,Economy,5,5126.61,INR
2026-08-16,DEL,BOM,AI,Economy,14,6156.44,INR
2026-08-06,BLR,HYD,6E,Business,35,3981.39,INR
2026-08-18,DEL,MAA,UK,Economy,3,9683.27,INR
2026-08-05,DEL,CCU,UK,Economy,5,9861.5,INR
2026-08-01,BLR,HYD,AI,Economy,1,5969.48,INR
2026-08-12,DEL,MAA,UK,Economy,21,8229.27,INR
2026-07-18,BOM,BLR,QP,Business,18,4384.13,INR
2026-08-21,DEL,MAA,UK,Economy,7,9165.31,INR
2026-08-16,BOM,BLR,QP,Business,45,3318.34,INR
2026-08-02,DEL,MAA,6E,Economy,7,6495.64,INR
2026-08-22,DEL,CCU,UK,Economy,18,9177.71,INR
2026-07-31,DEL,MAA,AI,Economy,5,7946.62,INR
2026-07-26,DEL,BOM,6E,Economy,35,4689.1,INR
2026-07-17,DEL,HYD,AI,Economy,18,5420.07,INR
2026-08-09,DEL,BOM,SG,Economy,35,4553.93,INR
2026-07-24,BLR,HYD,QP,Economy,3,4848.03,INR
2026-07-20,DEL,CCU,QP,Economy,10,6638.6,INR
2026-08-23,BOM,BLR,AI,Business,7,5408.36,INR
2026-07-20,BLR,HYD,QP,Business,35,3748.31,INR
2026-07-20,DEL,HYD,QP,Economy,35,4775.64,INR
2026-08-27,BOM,BLR,6E,Business,25,4074.43,INR
2026-08-27,BLR,HYD,SG,Economy,35,3543.86,INR
2026-08-14,DEL,CCU,AI,Economy,25,6371.12,INR
2026-08-22,DEL,BOM,AI,Economy,25,5759.24,INR
2026-07-23,DEL,HYD,QP,Economy,18,5319.88,INR
2026-07-29,DEL,CCU,SG,Business,3,6843.07,INR
2026-07-17,DEL,BOM,UK,Economy,45,5880.17,INR
2026-08-27,DEL,HYD,6E,Business,14,5027.18,INR
2026-08-15,BLR,HYD,QP,Economy,14,4688.97,INR
2026-08-17,BOM,BLR,QP,Economy,7,4905.21,INR
2026-08-27,DEL,BOM,QP,Economy,2,6426.42,INR
2026-08-26,DEL,CCU,AI,Economy,5,8209.89,INR
2026-07-26,DEL,CCU,AI,Economy,35,5956.81,INR
2026-08-07,DEL,CCU,AI,Economy,25,6354.74,INR
2026-07-31,BLR,HYD,6E,Economy,2,4949.33,INR
2026-08-11,DEL,MAA,SG,Economy,18,5403.54,INR
2026-08-12,DEL,BOM,6E,Business,3,6508.55,INR
2026-08-05,DEL,CCU,AI,Business,5,8500.5,INR
2026-08-20,BLR,HYD,6E,Economy,25,4210.68,INR
2026-08-05,DEL,BOM,SG,Economy,10,5184.6,INR
2026-08-20,DEL,CCU,UK,Business,25,8379.42,INR
2026-08-13,DEL,MAA,6E,Business,30,5469.8,INR
2026-08-09,DEL,BOM,AI,Economy,21,5553.57,INR
2026-08-08,BOM,BLR,SG,Economy,25,3816.34,INR
2026-07-28,BLR,HYD,SG,Economy,40,3383.07,INR
2026-07-28,BLR,HYD,QP,Economy,18,4599.22,INR
2026-07-14,DEL,BOM,SG,Economy,14,5050.63,INR
2026-08-13,BLR,HYD,AI,Business,7,5443.95,INR
2026-07-24,BOM,BLR,QP,Economy,35,3994.82,INR
2026-07-19,DEL,BOM,SG,Economy,30,4497.51,INR
2026-07-28,BOM,BLR,AI,Business,25,4364.94,INR
2026-07-25,BLR,HYD,SG,Economy,14,3984.29,INR
2026-08-07,DEL,CCU,SG,Economy,45,5069.87,INR
2026-08-24,BLR,HYD,SG,Economy,25,4122.54,INR
2026-08-27,BLR,HYD,6E,Business,40,3436.54,INR
2026-08-21,DEL,CCU,UK,Business,35,7703.5,INR
2026-07-18,DEL,MAA,AI,Economy,35,5477.49,INR
2026-07-15,DEL,MAA,UK,Business,10,8027.76,INR
2026-08-13,BOM,BLR,QP,Economy,2,5071.79,INR
2026-07-20,DEL,HYD,UK,Economy,45,5107.78,INR
2026-07-23,DEL,HYD,SG,Economy,5,5456.47,INR
2026-08-09,DEL,CCU,AI,Economy,1,8154.49,INR
2026-07-31,DEL,HYD,SG,Economy,30,4212.15,INR
2026-08-23,BOM,BLR,AI,Economy,3,5245.56,INR
2026-07-20,BOM,BLR,AI,Economy,45,3690.13,INR
2026-07-29,DEL,BOM,AI,Business,5,6313.62,INR
2026-08-06,BOM,BLR,AI,Economy,1,5809.74,INR
2026-07-15,DEL,BOM,SG,Business,7,5896.36,INR
2026-07-31,BOM,BLR,SG,Economy,21,3619.64,INR
2026-08-18,BOM,BLR,QP,Economy,45,3500.84,INR
2026-08-19,DEL,BOM,UK,Economy,30,6668.3,INR
2026-07-17,BOM,BLR,SG,Economy,35,3300.22,INR
2026-07-28,BLR,HYD,SG,Economy,21,4201.58,INR
2026-07-21,BLR,HYD,SG,Business,5,4712.46,INR
2026-07-15,DEL,MAA,6E,Economy,10,6227.13,INR
2026-08-27,DEL,BOM,6E,Economy,35,4466.87,INR
2026-08-05,DEL,MAA,6E,Economy,1,6909.02,INR
2026-07-24,BLR,HYD,6E,Business,30,3840.89,INR
2026-08-02,BOM,BLR,QP,Business,30,3876.1,INR
2026-07-25,BLR,HYD,6E,Economy,40,3596.97,INR
2026-07-17,DEL,CCU,QP,Business,3,7643.37,INR
2026-07-30,DEL,CCU,AI,Economy,18,7563.02,INR
2026-08-18,BOM,BLR,6E,Economy,45,3159.6,INR
2026-07-22,DEL,CCU,6E,Business,7,6899.18,INR
2026-07-26,DEL,CCU,AI,Economy,40,5813.11,INR
2026-07-21,BOM,BLR,QP,Business,35,3873.57,INR
2026-08-08,DEL,BOM,AI,Economy,40,4683.12,INR
2026-08-21,DEL,HYD,SG,Economy,5,5355.55,INR
2026-08-07,BLR,HYD,AI,Economy,3,5409.67,INR
2026-07-23,DEL,CCU,AI,Economy,7,7753.29,INR
2026-08-22,BOM,BLR,QP,Economy,45,3391.41,INR
2026-08-19,BOM,BLR,QP,Business,18,4469.85,INR
2026-08-14,DEL,CCU,SG,Economy,35,4875.56,INR
2026-08-10,BLR,HYD,AI,Business,40,4160.96,INR
2026-07-16,DEL,HYD,AI,Economy,10,6283.79,INR
2026-07-27,BOM,BLR,AI,Business,21,4421.65,INR
2026-08-21,DEL,CCU,AI,Economy,45,5627.99,INR
2026-08-06,DEL,MAA,SG,Economy,40,4762.65,INR
2026-08-07,BLR,HYD,QP,Economy,40,3488.57,INR
2026-08-15,DEL,CCU,6E,Business,2,7573.18,INR
2026-08-15,DEL,HYD,AI,Business,21,5792.75,INR
2026-07-21,DEL,BOM,UK,Economy,35,5824.52,INR
2026-08-18,DEL,MAA,QP,Business,45,4537.93,INR
2026-07-23,DEL,BOM,6E,Business,7,6043.27,INR
2026-08-04,BOM,BLR,QP,Economy,30,3860.57,INR
2026-08-20,DEL,CCU,SG,Economy,5,7143.98,INR
2026-07-22,DEL,BOM,SG,Business,25,4404.64,INR
2026-08-03,DEL,BOM,6E,Business,45,4283.07,INR
2026-08-04,DEL,CCU,AI,Economy,14,7820.91,INR
2026-08-03,DEL,CCU,QP,Business,35,5682.03,INR
2026-08-18,BOM,BLR,AI,Economy,45,3700.61,INR
2026-08-21,DEL,CCU,6E,Economy,10,7273.04,INR
2026-07-15,BOM,BLR,AI,Economy,18,4879.02,INR
2026-08-13,DEL,HYD,AI,Economy,3,6562.77,INR
2026-08-27,DEL,CCU,UK,Economy,3,9943.66,INR
2026-07-18,BOM,BLR,AI,Economy,1,5787.53,INR
2026-08-18,DEL,CCU,QP,Business,25,6212.09,INR
2026-08-13,DEL,CCU,AI,Economy,5,8341.27,INR
2026-07-22,BOM,BLR,6E,Business,40,3344.37,INR
2026-08-01,DEL,CCU,QP,Economy,40,5439.42,INR
2026-08-21,DEL,BOM,UK,Economy,10,7572.2,INR
2026-08-02,DEL,HYD,AI,Economy,18,5437.62,INR
2026-08-06,DEL,HYD,UK,Business,5,7873.29,INR
2026-08-12,DEL,HYD,6E,Business,21,5099.34,INR
2026-07-21,DEL,HYD,AI,Economy,10,6057.0,INR
2026-08-07,DEL,MAA,SG,Economy,2,6565.84,INR
2026-07-14,BLR,HYD,UK,Economy,45,4589.61,INR
2026-07-25,DEL,MAA,QP,Economy,25,5785.49,INR
2026-07-30,DEL,HYD,6E,Economy,7,5698.4,INR
2026-07-29,DEL,CCU,6E,Economy,40,5167.19,INR
2026-07-30,DEL,MAA,SG,Economy,7,6334.93,INR
2026-08-22,DEL,HYD,6E,Economy,40,4289.01,INR
2026-08-26,DEL,CCU,UK,Business,1,10176.49,INR
2026-08-08,DEL,CCU,SG,Economy,18,6328.99,INR
2026-07-27,DEL,HYD,6E,Economy,45,3725.77,INR
2026-07-18,DEL,MAA,QP,Economy,5,6794.13,INR
2026-08-24,BLR,HYD,SG,Business,40,3327.76,INR
2026-08-27,DEL,CCU,QP,Business,30,6104.88,INR
2026-07-29,BLR,HYD,QP,Economy,21,4352.84,INR
2026-07-22,DEL,MAA,UK,Economy,7,8723.64,INR
2026-07-27,DEL,HYD,AI,Economy,2,7034.8,INR
2026-08-08,BLR,HYD,UK,Business,7,6808.12,INR
2026-07-20,DEL,BOM,SG,Economy,2,5923.74,INR
2026-07-18,BOM,BLR,AI,Economy,35,4151.42,INR
2026-08-18,DEL,CCU,SG,Economy,40,4837.95,INR
2026-07-20,DEL,CCU,SG,Business,14,6590.78,INR
2026-07-14,BOM,BLR,QP,Business,40,3383.5,INR
2026-08-06,DEL,HYD,AI,Economy,14,6168.2,INR
2026-08-25,DEL,BOM,QP,Economy,7,5825.42,INR
2026-07-15,DEL,HYD,UK,Business,5,7722.91,INR
2026-07-22,BOM,BLR,QP,Business,35,3920.05,INR
2026-08-14,BLR,HYD,AI,Economy,40,4117.61,INR
2026-07-28,DEL,MAA,UK,Economy,5,8667.63,INR
2026-07-29,DEL,MAA,AI,Business,25,6330.62,INR
2026-08-14,DEL,HYD,AI,Economy,7,6010.87,INR
2026-07-24,DEL,CCU,UK,Economy,35,7142.71,INR
2026-08-10,BOM,BLR,UK,Economy,18,5821.76,INR
2026-08-26,DEL,HYD,QP,Economy,40,4217.71,INR
2026-07-28,BLR,HYD,UK,Economy,21,6092.62,INR
2026-08-02,BLR,HYD,6E,Economy,45,3274.73,INR
2026-07-22,BLR,HYD,QP,Economy,25,4264.79,INR
2026-08-04,BOM,BLR,QP,Economy,5,5001.56,INR
2026-07-18,DEL,MAA,QP,Economy,40,5003.84,INR
2026-08-13,DEL,BOM,UK,Economy,5,7793.67,INR
2026-07-30,DEL,CCU,AI,Business,30,6345.78,INR
2026-08-01,DEL,BOM,6E,Economy,18,5504.16,INR
2026-08-01,BLR,HYD,6E,Economy,35,3863.53,INR
2026-08-22,BOM,BLR,6E,Economy,30,3890.79,INR
2026-07-14,BLR,HYD,6E,Economy,5,5218.02,INR
2026-07-30,DEL,BOM,QP,Business,7,5672.58,INR
2026-08-10,BLR,HYD,QP,Economy,45,3577.29,INR
2026-07-14,DEL,HYD,6E,Economy,35,4544.36,INR
2026-08-12,DEL,CCU,AI,Economy,1,8649.7,INR
2026-07-25,BOM,BLR,QP,Economy,18,4592.76,INR
2026-07-25,DEL,CCU,6E,Business,21,6310.89,INR
2026-07-17,BLR,HYD,AI,Economy,14,5377.41,INR
2026-08-08,DEL,MAA,QP,Economy,5,7251.64,INR
2026-08-11,BOM,BLR,SG,Economy,45,3216.76,INR
2026-07-26,DEL,MAA,SG,Economy,30,4976.49,INR
2026-08-22,BOM,BLR,QP,Economy,21,4335.61,INR
2026-07-16,DEL,HYD,QP,Economy,21,4775.63,INR
2026-07-21,DEL,HYD,AI,Economy,2,6652.11,INR
2026-08-19,DEL,CCU,6E,Economy,21,5892.4,INR
2026-08-09,DEL,BOM,6E,Business,35,4515.19,INR
2026-07-14,BLR,HYD,UK,Economy,5,6706.11,INR
2026-07-27,DEL,BOM,QP,Economy,10,5674.44,INR
2026-08-01,DEL,BOM,QP,Economy,30,4886.78,INR
2026-08-24,DEL,MAA,UK,Economy,18,7655.77,INR
2026-08-03,BLR,HYD,QP,Economy,10,4909.6,INR
2026-08-01,DEL,MAA,UK,Economy,25,7960.43,INR
2026-07-20,DEL,HYD,SG,Economy,30,4538.27,INR
2026-07-21,DEL,HYD,QP,Economy,5,5697.74,INR
2026-08-12,DEL,MAA,UK,Economy,40,6431.68,INR
2026-08-27,DEL,MAA,AI,Economy,14,6423.04,INR
2026-08-21,DEL,HYD,QP,Economy,1,6447.39,INR
2026-07-24,DEL,CCU,QP,Economy,2,8074.84,INR
2026-08-18,DEL,HYD,QP,Economy,25,4799.7,INR
2026-07-23,BOM,BLR,AI,Economy,21,4556.62,INR
2026-07-27,DEL,BOM,UK,Economy,40,6240.25,INR
2026-08-13,BLR,HYD,SG,Economy,5,4557.6,INR
2026-07-22,DEL,HYD,6E,Business,3,6143.68,INR
2026-07-23,DEL,CCU,UK,Economy,14,8999.43,INR
2026-07-23,DEL,BOM,AI,Economy,21,6183.13,INR
2026-08-21,BOM,BLR,QP,Economy,45,3482.75,INR
2026-08-20,DEL,CCU,6E,Economy,18,6028.68,INR
2026-08-25,BOM,BLR,QP,Economy,7,4563.94,INR
2026-07-24,BOM,BLR,QP,Business,14,4507.89,INR
2026-08-06,BLR,HYD,UK,Economy,18,5594.32,INR
2026-08-20,DEL,CCU,UK,Economy,1,9782.25,INR
2026-07-15,DEL,HYD,UK,Economy,25,6473.34,INR
2026-07-21,DEL,HYD,AI,Economy,45,4526.64,INR
2026-07-23,BOM,BLR,UK,Economy,21,5891.64,INR
2026-08-23,DEL,BOM,AI,Business,25,5871.95,INR
2026-08-10,DEL,CCU,SG,Economy,30,5455.24,INR
2026-08-18,BOM,BLR,AI,Economy,18,5007.21,INR
2026-07-14,DEL,MAA,6E,Economy,5,6327.55,INR
2026-08-08,DEL,HYD,UK,Economy,2,7456.52,INR
2026-08-21,BLR,HYD,6E,Economy,18,4327.75,INR
2026-08-27,DEL,MAA,SG,Economy,40,4451.73,INR
2026-08-12,DEL,MAA,AI,Economy,5,7264.21,INR
2026-07-28,DEL,HYD,SG,Economy,25,4489.94,INR
2026-07-19,DEL,HYD,SG,Economy,5,5294.83,INR
2026-07-31,DEL,CCU,UK,Business,2,10479.79,INR
2026-08-20,BLR,HYD,6E,Economy,1,4928.06,INR
2026-08-24,BOM,BLR,6E,Economy,35,3496.08,INR
2026-07-25,DEL,HYD,QP,Business,45,4135.25,INR
2026-07-26,DEL,CCU,UK,Business,10,9225.11,INR
2026-07-19,DEL,BOM,QP,Economy,45,3998.63,INR
2026-08-19,DEL,HYD,UK,Economy,21,6732.78,INR
2026-07-26,DEL,BOM,6E,Economy,10,5327.8,INR
2026-08-21,BOM,BLR,SG,Economy,18,4234.24,INR
2026-07-18,DEL,BOM,QP,Economy,1,6771.7,INR
2026-08-11,DEL,HYD,AI,Economy,25,5448.6,INR
2026-08-01,DEL,CCU,AI,Economy,1,8351.6,INR
2026-07-22,BLR,HYD,AI,Economy,5,5581.56,INR
2026-08-22,DEL,BOM,6E,Economy,18,5169.18,INR
2026-08-22,DEL,BOM,UK,Economy,25,6555.27,INR
2026-08-15,DEL,BOM,QP,Economy,35,4594.03,INR
2026-08-19,DEL,HYD,AI,Economy,1,6433.68,INR
2026-07-31,DEL,MAA,AI,Economy,14,7214.57,INR
2026-07-16,DEL,HYD,AI,Business,40,4811.74,INR
2026-07-25,DEL,CCU,6E,Economy,3,6996.33,INR
2026-08-14,BLR,HYD,UK,Economy,3,7270.25,INR
2026-08-09,DEL,MAA,AI,Economy,10,7408.77,INR
2026-08-17,BOM,BLR,QP,Economy,2,4880.21,INR
2026-07-19,DEL,CCU,6E,Business,14,6763.56,INR
2026-08-07,DEL,CCU,AI,Economy,10,7591.67,INR
2026-07-23,DEL,MAA,UK,Economy,25,7564.24,INR
2026-07-30,BLR,HYD,QP,Economy,14,4789.71,INR
2026-08-18,DEL,MAA,QP,Economy,18,5986.46,INR
2026-08-22,DEL,CCU,QP,Business,18,6401.33,INR
2026-08-20,DEL,CCU,QP,Business,2,7925.11,INR
2026-08-21,DEL,HYD,QP,Economy,7,5858.41,INR
2026-08-26,DEL,CCU,AI,Economy,25,6808.63,INR
2026-07-27,DEL,HYD,AI,Economy,3,6465.62,INR
2026-07-17,BLR,HYD,UK,Economy,35,5263.33,INR
2026-07-25,BOM,BLR,AI,Business,25,4318.56,INR
2026-08-13,DEL,BOM,6E,Economy,5,6297.59,INR
2026-08-07,BLR,HYD,SG,Economy,1,5180.39,INR
2026-08-15,DEL,CCU,QP,Business,45,5178.54,INR
2026-07-16,DEL,HYD,AI,Economy,25,5393.43,INR
2026-08-13,BLR,HYD,6E,Economy,1,5200.43,INR
2026-08-08,DEL,CCU,UK,Economy,1,10744.59,INR
2026-08-16,DEL,HYD,6E,Economy,25,5080.45,INR
2026-08-01,DEL,CCU,UK,Business,25,8598.35,INR
2026-08-04,DEL,CCU,UK,Economy,30,7650.09,INR
2026-08-06,BLR,HYD,UK,Economy,5,6785.21,INR
2026-07-17,BOM,BLR,6E,Economy,5,5069.46,INR
2026-07-25,DEL,CCU,AI,Business,7,7800.67,INR
2026-08-19,BOM,BLR,QP,Business,18,4425.97,INR
2026-07-27,BLR,HYD,6E,Economy,7,4496.72,INR
2026-08-27,DEL,BOM,QP,Economy,1,6057.4,INR
2026-07-18,DEL,HYD,AI,Economy,2,6695.02,INR
2026-08-23,DEL,CCU,AI,Economy,3,8838.55,INR
2026-08-01,DEL,MAA,UK,Economy,21,8188.56,INR
2026-08-12,DEL,CCU,QP,Economy,35,5579.41,INR
2026-07-28,BLR,HYD,QP,Economy,18,4657.42,INR
2026-08-26,DEL,HYD,QP,Economy,25,4864.65,INR
2026-08-10,BLR,HYD,6E,Business,2,4933.82,INR
2026-08-24,BOM,BLR,SG,Economy,3,4833.04,INR
2026-08-24,BOM,BLR,SG,Economy,1,4547.48,INR
2026-08-12,BOM,BLR,UK,Economy,40,5044.42,INR
2026-07-21,BLR,HYD,AI,Economy,10,5278.43,INR
2026-07-27,BOM,BLR,6E,Economy,7,4714.62,INR
2026-08-07,DEL,MAA,AI,Economy,14,7011.2,INR
2026-08-18,DEL,HYD,6E,Business,21,5132.72,INR
2026-07-16,DEL,CCU,UK,Economy,35,7535.96,INR
2026-08-18,DEL,BOM,SG,Economy,21,4792.04,INR
2026-08-14,DEL,CCU,AI,Economy,3,8318.06,INR
2026-08-04,DEL,MAA,QP,Economy,25,5315.39,INR
2026-07-16,DEL,HYD,UK,Economy,40,5847.18,INR
2026-07-15,DEL,CCU,UK,Economy,18,9112.26,INR
2026-07-24,DEL,CCU,AI,Economy,7,8351.82,INR
2026-07-21,DEL,MAA,SG,Economy,3,6804.88,INR
2026-08-08,DEL,CCU,AI,Business,21,6589.45,INR
2026-08-25,BLR,HYD,QP,Business,18,4556.7,INR
2026-08-18,BLR,HYD,UK,Economy,45,4815.28,INR
2026-08-24,DEL,BOM,UK,Economy,40,5879.8,INR
2026-07-23,DEL,CCU,6E,Economy,18,6493.79,INR
2026-07-31,DEL,HYD,UK,Economy,2,8182.59,INR
2026-08-27,BLR,HYD,6E,Business,7,5053.53,INR
2026-08-01,DEL,MAA,QP,Economy,35,5269.57,INR
2026-08-16,DEL,HYD,UK,Business,7,7726.0,INR
2026-07-16,DEL,HYD,QP,Economy,2,6091.82,INR
2026-07-29,DEL,CCU,UK,Economy,25,8404.46,INR
2026-08-14,DEL,MAA,UK,Economy,40,6413.15,INR
2026-07-31,DEL,BOM,6E,Economy,3,6353.48,INR
2026-07-16,BLR,HYD,6E,Economy,3,4857.86,INR
2026-07-18,BOM,BLR,SG,Economy,1,4490.16,INR
2026-08-04,DEL,HYD,UK,Economy,35,5856.06,INR
2026-07-23,DEL,CCU,SG,Economy,2,6670.13,INR
2026-08-12,DEL,MAA,UK,Business,5,9506.58,INR
2026-08-24,DEL,CCU,6E,Economy,7,7343.48,INR
2026-07-30,DEL,HYD,SG,Economy,40,3837.39,INR
2026-08-06,DEL,BOM,6E,Economy,1,6190.75,INR
2026-08-15,DEL,MAA,6E,Economy,1,7045.59,INR
2026-08-17,BLR,HYD,QP,Economy,10,4805.74,INR
2026-08-17,DEL,MAA,AI,Economy,14,6608.13,INR
2026-08-04,DEL,HYD,QP,Economy,7,5989.37,INR
2026-07-29,BLR,HYD,UK,Economy,7,6766.29,INR
2026-07-16,DEL,BOM,UK,Economy,35,6296.56,INR
2026-08-14,DEL,HYD,AI,Economy,10,5800.26,INR
2026-08-13,DEL,HYD,AI,Economy,5,6641.86,INR
2026-08-18,BLR,HYD,AI,Business,21,4798.28,INR
2026-08-14,DEL,MAA,AI,Business,7,7394.89,INR
2026-08-18,DEL,BOM,SG,Business,35,4531.63,INR
2026-08-25,DEL,BOM,UK,Economy,30,6628.39,INR
2026-08-11,BOM,BLR,AI,Economy,35,4084.41,INR
2026-08-22,DEL,MAA,QP,Economy,18,5946.06,INR
2026-07-23,DEL,MAA,6E,Economy,1,6887.04,INR
2026-08-24,DEL,MAA,SG,Economy,5,5891.84,INR
2026-08-04,DEL,HYD,AI,Economy,35,4736.28,INR
2026-08-26,BOM,BLR,6E,Economy,30,3948.99,INR
2026-08-25,BOM,BLR,AI,Economy,5,5006.0,INR
2026-07-21,DEL,BOM,SG,Economy,2,5803.44,INR
2026-07-19,DEL,BOM,SG,Economy,7,5752.8,INR
2026-08-17,DEL,MAA,SG,Economy,30,4785.62,INR
2026-07-19,DEL,HYD,SG,Business,35,4381.45,INR
2026-08-25,DEL,CCU,6E,Economy,25,6466.76,INR
2026-08-02,BOM,BLR,QP,Economy,1,5360.72,INR
2026-08-01,DEL,CCU,SG,Economy,7,6901.18,INR
2026-07-16,DEL,CCU,AI,Economy,18,6988.05,INR
2026-07-19,DEL,BOM,6E,Economy,7,5876.92,INR
2026-08-20,BLR,HYD,UK,Business,3,6482.17,INR
2026-08-02,BOM,BLR,UK,Economy,2,7038.54,INR
2026-07-18,DEL,HYD,AI,Economy,10,6238.31,INR
2026-07-26,BLR,HYD,SG,Business,21,4104.33,INR
2026-07-29,DEL,MAA,UK,Economy,40,6830.97,INR
2026-08-24,BOM,BLR,6E,Business,3,5218.76,INR
2026-07-14,BLR,HYD,AI,Economy,14,4842.14,INR
2026-08-21,BLR,HYD,6E,Economy,1,5291.73,INR
2026-08-20,DEL,MAA,AI,Economy,1,8352.4,INR
2026-07-18,BLR,HYD,QP,Economy,1,5535.59,INR
2026-07-29,BLR,HYD,AI,Business,7,5562.53,INR
2026-07-22,BLR,HYD,6E,Economy,7,4868.45,INR
2026-07-31,BLR,HYD,QP,Economy,21,4568.95,INR
2026-08-01,DEL,CCU,QP,Economy,7,6882.81,INR
2026-08-22,BLR,HYD,SG,Economy,21,4260.86,INR
2026-07-30,DEL,HYD,SG,Business,30,4196.48,INR
2026-08-16,DEL,HYD,6E,Business,3,5985.31,INR
2026-08-02,DEL,HYD,6E,Economy,14,5469.53,INR
2026-08-13,BOM,BLR,QP,Business,1,4940.38,INR
2026-07-27,BLR,HYD,AI,Business,10,5011.56,INR
2026-08-06,BLR,HYD,6E,Economy,14,4683.74,INR
2026-08-24,DEL,HYD,AI,Business,14,6125.81,INR
2026-07-28,BOM,BLR,UK,Economy,14,5964.69,INR
2026-08-24,DEL,HYD,AI,Business,25,5596.01,INR
2026-07-17,BLR,HYD,QP,Economy,18,4445.5,INR
2026-08-02,BLR,HYD,UK,Business,2,6843.06,INR
2026-07-15,BOM,BLR,AI,Economy,7,5284.24,INR
2026-08-09,DEL,BOM,6E,Business,30,4772.23,INR
2026-08-26,DEL,MAA,QP,Economy,3,6839.87,INR
2026-08-08,DEL,HYD,SG,Economy,18,4687.33,INR
2026-08-06,DEL,CCU,QP,Economy,25,5839.36,INR
2026-07-21,DEL,HYD,QP,Economy,7,5540.63,INR
2026-07-19,DEL,CCU,AI,Economy,2,8624.16,INR
2026-07-16,DEL,HYD,6E,Economy,14,5515.05,INR
2026-07-30,DEL,MAA,AI,Economy,2,8090.7,INR
2026-08-12,DEL,BOM,SG,Economy,1,6132.21,INR
2026-08-14,DEL,CCU,6E,Business,30,5570.35,INR
2026-07-27,BOM,BLR,AI,Business,18,4826.98,INR
2026-08-27,DEL,CCU,6E,Economy,7,7338.56,INR
2026-08-23,DEL,BOM,QP,Economy,35,4476.65,INR
2026-07-26,DEL,CCU,QP,Business,7,7606.37,INR
2026-07-20,DEL,CCU,SG,Economy,5,7016.3,INR
2026-08-20,DEL,CCU,AI,Economy,21,6847.83,INR
2026-08-13,DEL,BOM,6E,Business,7,5859.16,INR
2026-07-24,DEL,BOM,6E,Economy,3,5769.62,INR
2026-08-25,BOM,BLR,SG,Economy,45,2946.03,INR
2026-07-23,DEL,BOM,AI,Business,3,6717.0,INR
2026-07-29,BLR,HYD,AI,Economy,30,4419.54,INR
2026-08-14,DEL,CCU,AI,Economy,18,7490.48,INR
2026-07-25,DEL,HYD,AI,Economy,35,4976.59,INR
2026-08-24,DEL,MAA,6E,Economy,18,6004.09,INR
2026-07-18,DEL,BOM,QP,Economy,30,5012.27,INR
2026-08-09,DEL,CCU,AI,Economy,30,6135.83,INR
2026-08-14,BOM,BLR,SG,Business,2,4368.5,INR
2026-08-10,DEL,BOM,AI,Economy,1,7389.35,INR
2026-08-10,DEL,MAA,SG,Economy,30,4892.42,INR
2026-07-31,DEL,BOM,UK,Economy,10,7249.66,INR
2026-08-22,DEL,BOM,AI,Economy,14,5825.39,INR
2026-07-21,DEL,MAA,QP,Economy,2,6851.08,INR
2026-08-19,BOM,BLR,AI,Economy,45,3550.66,INR
2026-07-27,BLR,HYD,QP,Economy,40,3776.68,INR
2026-08-01,BLR,HYD,6E,Economy,21,4425.97,INR
2026-07-18,DEL,BOM,UK,Economy,3,8536.87,INR
2026-08-14,DEL,CCU,SG,Economy,45,4419.98,INR
2026-07-16,DEL,MAA,6E,Business,10,6285.28,INR
2026-08-16,DEL,BOM,AI,Economy,30,5464.34,INR
2026-07-22,DEL,MAA,6E,Business,40,4829.16,INR
2026-08-24,DEL,CCU,SG,Economy,40,4660.34,INR
2026-08-08,DEL,BOM,UK,Economy,45,5930.75,INR
2026-08-05,DEL,HYD,6E,Economy,30,4752.15,INR
2026-08-21,DEL,CCU,AI,Economy,1,9017.11,INR
2026-08-04,DEL,BOM,AI,Business,10,6709.06,INR
2026-08-06,BOM,BLR,QP,Business,25,4115.56,INR
2026-07-29,DEL,BOM,SG,Business,30,4538.95,INR
2026-08-20,BOM,BLR,SG,Business,2,4878.47,INR
2026-08-05,DEL,BOM,SG,Economy,5,5460.78,INR
2026-08-10,DEL,HYD,6E,Economy,18,5131.42,INR
2026-07-20,DEL,HYD,QP,Economy,7,6049.33,INR
2026-07-21,DEL,BOM,QP,Economy,40,4381.66,INR
2026-07-28,DEL,HYD,QP,Business,30,4654.2,INR
2026-07-29,DEL,CCU,6E,Business,2,7138.08,INR
2026-07-17,DEL,HYD,AI,Economy,1,6843.24,INR
2026-07-20,DEL,CCU,QP,Business,35,5336.28,INR
2026-07-28,DEL,MAA,6E,Economy,30,5491.89,INR
2026-07-18,DEL,CCU,QP,Economy,40,5067.88,INR
2026-07-30,BOM,BLR,SG,Economy,14,4029.57,INR
2026-07-14,DEL,BOM,AI,Economy,1,6693.52,INR
2026-07-16,DEL,CCU,6E,Business,18,6496.49,INR
2026-07-22,DEL,CCU,AI,Business,14,7645.07,INR
2026-08-02,DEL,HYD,AI,Business,40,4537.52,INR
2026-07-22,BLR,HYD,SG,Economy,45,3018.19,INR
2026-08-18,BLR,HYD,AI,Economy,21,5082.92,INR
2026-08-20,DEL,CCU,SG,Business,7,6532.72,INR
2026-08-19,DEL,MAA,SG,Economy,7,5808.96,INR
2026-07-18,BOM,BLR,6E,Business,14,4137.99,INR
2026-07-24,BOM,BLR,6E,Economy,7,4650.69,INR
2026-07-22,DEL,HYD,AI,Economy,2,6556.84,INR
2026-07-28,DEL,MAA,QP,Economy,18,6216.24,INR
2026-07-28,BOM,BLR,QP,Economy,45,3487.47,INR
2026-08-17,BLR,HYD,UK,Economy,21,5677.44,INR
2026-08-27,DEL,CCU,UK,Economy,10,8784.3,INR
2026-08-09,BLR,HYD,6E,Economy,35,3584.81,INR
2026-08-14,DEL,HYD,6E,Business,7,5570.06,INR
2026-08-16,DEL,MAA,AI,Economy,5,7786.91,INR
2026-08-17,DEL,BOM,6E,Economy,30,4607.94,INR
2026-07-27,DEL,BOM,QP,Economy,2,6049.45,INR
2026-08-17,DEL,MAA,QP,Economy,1,7218.58,INR
2026-08-09,DEL,MAA,6E,Business,45,4364.78,INR
2026-08-22,DEL,CCU,QP,Economy,25,6608.66,INR
2026-08-17,DEL,MAA,6E,Economy,3,6999.57,INR
2026-08-14,DEL,MAA,UK,Economy,30,7628.97,INR
2026-08-24,BLR,HYD,UK,Economy,30,5632.81,INR
2026-08-09,DEL,HYD,AI,Economy,18,5393.2,INR
2026-08-10,DEL,BOM,SG,Economy,35,4180.17,INR
2026-07-16,DEL,HYD,6E,Economy,30,4270.82,INR
2026-08-03,DEL,MAA,SG,Economy,30,5361.11,INR
2026-08-17,DEL,BOM,UK,Economy,45,5780.67,INR
2026-08-01,BLR,HYD,SG,Business,40,3430.88,INR
2026-07-15,DEL,CCU,UK,Economy,1,10725.56,INR
2026-08-25,DEL,MAA,SG,Economy,40,4623.67,INR
2026-07-17,DEL,HYD,AI,Economy,45,4758.46,INR
2026-08-15,DEL,CCU,UK,Business,2,10282.99,INR
2026-07-14,BLR,HYD,6E,Economy,5,5247.94,INR
2026-08-02,BOM,BLR,6E,Economy,3,4630.83,INR
2026-07-25,DEL,HYD,SG,Economy,18,4961.39,INR
2026-07-14,DEL,HYD,6E,Business,35,4590.05,INR
2026-07-25,DEL,HYD,SG,Economy,35,3879.77,INR
2026-08-07,DEL,MAA,AI,Economy,25,5894.18,INR
2026-08-17,DEL,CCU,UK,Economy,40,7020.94,INR
2026-07-24,DEL,CCU,QP,Economy,3,7245.88,INR
2026-07-18,DEL,CCU,QP,Economy,45,5482.79,INR
2026-08-24,DEL,MAA,UK,Economy,18,7445.55,INR
2026-08-19,DEL,HYD,SG,Economy,18,4925.74,INR
2026-07-26,DEL,HYD,QP,Economy,5,5811.09,INR
2026-07-30,DEL,MAA,6E,Economy,18,5870.03,INR
2026-07-24,DEL,CCU,UK,Economy,7,9358.09,INR
2026-07-27,BLR,HYD,QP,Business,7,5022.79,INR
2026-08-15,BOM,BLR,UK,Economy,35,5090.14,INR
2026-07-16,DEL,MAA,AI,Business,18,6800.68,INR
2026-08-17,BLR,HYD,UK,Economy,2,6700.16,INR
2026-07-28,DEL,MAA,UK,Economy,45,6375.21,INR
2026-08-20,DEL,HYD,SG,Economy,1,5519.75,INR
2026-07-23,DEL,MAA,SG,Economy,45,4341.54,INR
2026-08-19,BLR,HYD,AI,Economy,21,4784.18,INR
2026-08-22,DEL,BOM,UK,Business,5,8644.88,INR
2026-07-28,BOM,BLR,SG,Business,7,4339.8,INR
2026-07-17,DEL,CCU,QP,Economy,45,4958.01,INR
2026-07-30,DEL,CCU,SG,Business,45,4906.18,INR
2026-08-25,DEL,CCU,UK,Economy,10,9158.6,INR
2026-08-02,BOM,BLR,AI,Economy,40,3877.09,INR
2026-07-31,DEL,CCU,SG,Economy,7,6584.48,INR
2026-08-08,DEL,CCU,6E,Economy,40,5596.42,INR
2026-08-25,DEL,CCU,QP,Economy,14,6349.95,INR
2026-07-19,BLR,HYD,QP,Economy,25,4140.66,INR
2026-07-16,BOM,BLR,QP,Economy,7,4570.89,INR
2026-08-02,DEL,HYD,SG,Economy,35,4073.54,INR
2026-07-31,BLR,HYD,AI,Economy,7,5748.69,INR
2026-07-26,DEL,BOM,QP,Economy,1,6181.18,INR
2026-08-02,DEL,MAA,AI,Economy,35,5419.12,INR
2026-08-26,DEL,HYD,QP,Economy,2,6174.07,INR
2026-08-09,DEL,MAA,6E,Economy,30,5464.46,INR
2026-07-19,DEL,MAA,AI,Economy,25,6606.05,INR
2026-08-10,DEL,HYD,UK,Business,25,6106.22,INR
2026-07-17,DEL,HYD,6E,Economy,7,5258.27,INR
2026-08-14,DEL,BOM,UK,Economy,7,8025.53,INR
2026-07-19,DEL,CCU,6E,Economy,2,7867.22,INR
2026-07-20,BLR,HYD,AI,Business,30,4164.32,INR
2026-07-26,DEL,CCU,6E,Economy,3,7400.74,INR
2026-08-07,DEL,HYD,SG,Economy,40,4023.49,INR
2026-07-26,DEL,BOM,UK,Economy,35,6475.81,INR
2026-08-01,DEL,HYD,QP,Business,14,5043.81,INR
2026-07-27,DEL,CCU,QP,Business,10,6807.39,INR
2026-07-31,BLR,HYD,UK,Economy,5,6885.46,INR
2026-08-03,BOM,BLR,QP,Business,10,4794.55,INR
2026-07-23,BOM,BLR,QP,Economy,40,3731.75,INR
2026-07-26,DEL,HYD,SG,Economy,45,3688.57,INR
2026-08-24,DEL,HYD,6E,Economy,5,6059.72,INR
2026-07-22,BOM,BLR,UK,Economy,40,4814.58,INR
2026-08-12,DEL,CCU,6E,Business,45,4753.21,INR
2026-07-16,BOM,BLR,SG,Economy,30,3364.59,INR
2026-08-17,DEL,MAA,UK,Business,18,8256.05,INR
2026-07-17,DEL,BOM,SG,Economy,14,5303.5,INR
2026-07-26,DEL,BOM,QP,Economy,14,5458.15,INR
2026-08-27,DEL,CCU,UK,Business,21,8760.67,INR
2026-08-01,DEL,BOM,UK,Economy,18,7402.15,INR
2026-08-23,BOM,BLR,6E,Economy,35,3510.07,INR
2026-07-17,DEL,BOM,UK,Business,5,7693.92,INR
2026-07-14,DEL,HYD,SG,Economy,25,4514.58,INR
2026-08-19,DEL,CCU,SG,Economy,40,5149.42,INR
2026-08-21,DEL,MAA,UK,Economy,7,9029.9,INR
2026-07-28,DEL,HYD,SG,Business,7,5543.91,INR
2026-08-02,DEL,HYD,AI,Economy,2,6433.4,INR
2026-08-26,DEL,HYD,6E,Economy,21,4767.32,INR
2026-07-15,BLR,HYD,UK,Economy,40,4643.1,INR
2026-08-04,BLR,HYD,AI,Business,7,5170.58,INR
2026-07-27,BOM,BLR,AI,Business,14,4909.45,INR
2026-07-22,DEL,MAA,UK,Business,10,9047.15,INR
2026-08-15,DEL,MAA,QP,Economy,21,5637.88,INR
2026-08-04,BOM,BLR,UK,Economy,30,4940.08,INR
2026-08-25,DEL,CCU,QP,Economy,35,5800.11,INR
2026-08-15,DEL,MAA,SG,Business,14,5726.46,INR
2026-07-17,BLR,HYD,AI,Economy,3,5969.72,INR
2026-08-23,DEL,BOM,AI,Economy,14,6291.78,INR
2026-07-19,DEL,BOM,QP,Economy,45,4272.93,INR
2026-08-23,BOM,BLR,6E,Economy,7,4521.73,INR
2026-07-14,DEL,MAA,AI,Economy,14,7001.72,INR
2026-08-15,DEL,HYD,AI,Economy,18,5838.86,INR
2026-08-10,DEL,HYD,6E,Economy,1,6186.86,INR
2026-08-04,BOM,BLR,SG,Economy,45,3164.4,INR
2026-07-19,DEL,BOM,QP,Economy,3,6359.16,INR
2026-08-03,DEL,MAA,SG,Economy,40,4319.15,INR
2026-08-21,DEL,CCU,UK,Economy,14,9045.26,INR
2026-08-22,DEL,HYD,AI,Economy,18,5689.58,INR
2026-08-12,DEL,CCU,SG,Economy,3,7142.01,INR
2026-08-04,BLR,HYD,UK,Economy,45,4436.64,INR
not-a-date,BOM,BLR,SG,Economy,7,3800,INR
2026-08-19,DEL,CCU,QP,Economy,1,7680.58,INR
2026-07-31,DEL,HYD,UK,Business,21,6655.15,INR
2026-08-11,DEL,CCU,UK,Economy,30,7731.03,INR
2026-08-03,DEL,MAA,SG,Economy,18,5272.1,INR
2026-08-02,BLR,HYD,6E,Economy,1,4806.74,INR
2026-08-18,BOM,BLR,QP,Economy,5,4562.09,INR
2026-08-09,DEL,MAA,QP,Economy,1,6720.02,INR
2026-08-09,BLR,HYD,UK,Economy,30,5083.07,INR
2026-08-20,DEL,HYD,QP,Economy,3,5779.3,INR
2026-07-18,DEL,BOM,6E,Economy,5,6113.35,INR
2026-08-16,DEL,CCU,6E,Economy,18,5989.6,INR
2026-08-11,BLR,HYD,6E,Economy,18,4285.08,INR
2026-08-09,DEL,CCU,AI,Economy,35,6441.71,INR
2026-08-03,DEL,CCU,6E,Economy,7,6730.65,INR
2026-07-28,DEL,BOM,UK,Economy,25,6324.0,INR
2026-08-10,BLR,HYD,6E,Business,21,4264.54,INR
2026-08-27,DEL,BOM,6E,Economy,35,4466.87,INR
2026-07-15,DEL,CCU,AI,Economy,1,8043.77,INR
2026-07-28,DEL,MAA,QP,Economy,3,7387.72,INR
2026-08-05,DEL,HYD,AI,Economy,10,5806.68,INR
2026-08-17,DEL,CCU,UK,Economy,7,10045.61,INR
2026-08-19,BOM,BLR,6E,Economy,21,4138.62,INR
2026-07-28,BOM,BLR,AI,Economy,1,5874.96,INR
2026-07-16,BOM,BLR,QP,Economy,18,4459.83,INR
2026-08-03,DEL,CCU,6E,Economy,35,5361.59,INR
2026-08-21,BLR,HYD,UK,Business,2,7037.36,INR
2026-08-23,DEL,BOM,UK,Economy,40,5927.86,INR
2026-07-28,BLR,HYD,6E,Business,7,5028.39,INR
2026-08-04,DEL,CCU,SG,Business,18,5863.35,INR
2026-07-18,BOM,BLR,SG,Economy,25,3522.92,INR
2026-08-01,BLR,HYD,6E,Economy,30,3982.64,INR
2026-07-21,DEL,CCU,AI,Business,3,8718.4,INR
2026-07-31,BLR,HYD,QP,Economy,30,3957.24,INR
2026-08-12,DEL,CCU,SG,Economy,2,7312.87,INR
2026-08-15,DEL,MAA,QP,Economy,30,5433.42,INR
2026-08-04,DEL,MAA,QP,Economy,5,6363.89,INR
2026-07-19,DEL,CCU,6E,Economy,2,7713.05,INR
2026-08-17,DEL,HYD,SG,Economy,40,3948.16,INR
2026-08-11,BOM,BLR,UK,Business,25,5325.22,INR
2026-08-21,BOM,BLR,AI,Economy,45,3559.38,INR
2026-08-26,DEL,CCU,6E,Economy,45,5071.79,INR
2026-08-13,DEL,BOM,6E,Economy,14,5518.96,INR
2026-07-26,DEL,CCU,UK,Business,7,10003.2,INR
2026-08-13,DEL,CCU,6E,Economy,5,7690.32,INR
2026-08-04,DEL,MAA,UK,Economy,21,7666.3,INR
2026-08-27,BOM,BLR,AI,Economy,5,5598.98,INR
2026-07-15,DEL,MAA,QP,Economy,35,5499.26,INR
2026-08-26,BOM,BLR,6E,Business,7,4633.13,INR
2026-07-18,DEL,MAA,6E,Economy,7,6705.21,INR
2026-07-29,DEL,HYD,AI,Business,25,5096.34,INR
2026-08-05,BLR,HYD,AI,Business,1,5776.12,INR
2026-07-19,DEL,BOM,6E,Economy,3,6215.12,INR
2026-07-28,DEL,BOM,SG,Business,21,4739.67,INR
2026-08-12,BOM,BLR,AI,Business,1,5963.11,INR
2026-08-09,BLR,HYD,UK,Economy,14,6174.98,INR
2026-07-19,DEL,BOM,AI,Economy,7,6923.27,INR
2026-07-22,DEL,CCU,UK,Economy,40,6697.53,INR
2026-08-15,DEL,HYD,QP,Business,25,4865.95,INR
2026-07-31,DEL,HYD,SG,Economy,2,5450.93,INR
2026-08-15,DEL,HYD,UK,Business,21,6797.86,INR
2026-08-27,BLR,HYD,AI,Economy,10,5512.62,INR
2026-08-20,DEL,BOM,QP,Business,10,6043.65,INR
2026-08-13,DEL,BOM,UK,Economy,40,5622.6,INR
2026-08-08,DEL,HYD,AI,Economy,35,4841.31,INR
2026-07-23,DEL,CCU,QP,Business,21,6570.76,INR
2026-08-13,DEL,CCU,AI,Business,14,7841.09,INR
2026-08-01,BLR,HYD,SG,Economy,5,4812.21,INR
2026-07-18,DEL,HYD,6E,Economy,21,4758.99,INR
2026-08-05,BOM,BLR,AI,Economy,45,3534.01,INR
2026-08-17,DEL,HYD,AI,Economy,35,4874.01,INR
2026-08-17,BOM,BLR,SG,Business,35,3296.34,INR
2026-07-29,DEL,HYD,6E,Business,14,5301.86,INR
2026-07-24,DEL,CCU,UK,Business,1,9582.68,INR
2026-08-11,DEL,BOM,6E,Economy,14,5409.18,INR
2026-08-25,DEL,CCU,QP,Economy,25,6021.76,INR
2026-07-25,DEL,MAA,UK,Economy,10,8748.06,INR
2026-07-19,DEL,BOM,6E,Economy,40,4545.89,INR
2026-08-26,DEL,HYD,UK,Economy,45,5556.84,INR
2026-08-18,BOM,BLR,UK,Economy,1,6555.98,INR
2026-08-05,DEL,BOM,UK,Economy,18,7566.62,INR
2026-08-05,DEL,BOM,AI,Economy,45,4830.46,INR
2026-07-31,BOM,BLR,SG,Economy,45,3213.54,INR
2026-07-15,DEL,MAA,UK,Economy,2,8851.12,INR
2026-08-22,DEL,BOM,QP,Economy,35,4575.15,INR
2026-08-21,DEL,BOM,QP,Economy,5,6348.62,INR
2026-07-28,BOM,BLR,SG,Economy,3,4314.93,INR
2026-08-02,BOM,BLR,SG,Business,2,4596.89,INR
2026-07-29,DEL,CCU,QP,Economy,2,7344.1,INR
2026-08-27,BOM,BLR,SG,Business,5,4756.09,INR
2026-07-28,BLR,HYD,QP,Economy,3,4828.24,INR
2026-08-15,DEL,HYD,QP,Economy,7,5952.84,INR
2026-08-16,DEL,BOM,AI,Business,21,5695.7,INR
2026-07-18,DEL,HYD,QP,Economy,2,6326.63,INR
2026-08-08,DEL,MAA,SG,Business,7,6245.64,INR
2026-08-01,BOM,BLR,AI,Economy,18,4941.16,INR
2026-08-23,DEL,HYD,UK,Economy,7,7966.41,INR
2026-07-28,BOM,BLR,6E,Economy,2,5068.48,INR
2026-08-27,BOM,BLR,QP,Economy,30,3887.31,INR
2026-07-14,BLR,HYD,QP,Economy,18,4211.45,INR
2026-08-15,DEL,BOM,AI,Economy,25,5335.72,INR
2026-08-24,BLR,HYD,SG,Economy,5,4612.34,INR
2026-08-16,DEL,MAA,UK,Economy,21,7843.87,INR
2026-08-07,DEL,MAA,6E,Economy,35,4954.63,INR
2026-07-20,BOM,BLR,QP,Economy,35,3939.14,INR
2026-08-25,DEL,MAA,SG,Economy,25,5421.92,INR
2026-08-03,DEL,BOM,6E,Economy,21,5053.51,INR
2026-07-30,DEL,BOM,QP,Economy,18,5769.51,INR
2026-07-28,BLR,HYD,AI,Economy,3,5584.5,INR
2026-07-27,BLR,HYD,SG,Economy,7,4270.97,INR
2026-07-26,DEL,BOM,QP,Economy,1,6413.19,INR
2026-07-19,DEL,MAA,UK,Economy,21,7249.78,INR
2026-07-15,DEL,BOM,AI,Business,10,6088.24,INR
2026-07-23,BOM,BLR,6E,Economy,18,4424.78,INR
2026-07-31,BLR,HYD,UK,Business,5,6575.77,INR
2026-08-24,DEL,CCU,6E,Economy,7,7425.01,INR
2026-08-11,DEL,CCU,6E,Economy,14,6660.1,INR
2026-07-21,DEL,BOM,QP,Economy,35,4946.59,INR
2026-08-22,DEL,HYD,QP,Economy,10,5471.24,INR
2026-08-27,DEL,CCU,SG,Economy,14,6305.55,INR
2026-08-05,BLR,HYD,AI,Economy,3,5348.75,INR
2026-08-23,BLR,HYD,6E,Economy,5,5119.06,INR
2026-08-09,DEL,BOM,AI,Business,10,6421.64,INR
2026-07-17,DEL,HYD,UK,Economy,21,6378.39,INR
2026-08-06,DEL,CCU,SG,Business,1,6654.76,INR
2026-07-24,BLR,HYD,QP,Business,21,4620.63,INR
2026-07-24,BLR,HYD,QP,Economy,45,3563.62,INR
2026-08-27,BOM,BLR,6E,Economy,7,4814.11,INR
2026-08-24,DEL,MAA,QP,Economy,7,6892.47,INR
2026-08-24,DEL,HYD,SG,Economy,35,4331.85,INR
2026-07-30,DEL,BOM,SG,Business,45,3696.64,INR
2026-07-29,BOM,BLR,QP,Business,25,4092.34,INR
2026-07-21,BLR,HYD,SG,Economy,3,5049.8,INR
2026-08-02,DEL,HYD,6E,Economy,25,4857.5,INR
2026-07-19,DEL,CCU,UK,Economy,7,9947.02,INR
2026-07-18,DEL,MAA,AI,Economy,18,6228.19,INR
2026-08-02,DEL,HYD,SG,Economy,1,5667.95,INR
2026-08-10,BLR,HYD,QP,Economy,18,4302.15,INR
2026-07-16,DEL,HYD,SG,Economy,1,5525.47,INR
2026-07-24,BOM,BLR,QP,Economy,1,4931.17,INR
2026-07-20,BLR,HYD,AI,Business,1,6097.48,INR
2026-07-24,DEL,HYD,6E,Economy,30,4857.66,INR
2026-08-20,BOM,BLR,AI,Business,7,5211.43,INR
2026-08-15,DEL,HYD,QP,Economy,25,4698.73,INR
2026-07-17,BLR,HYD,AI,Business,18,5042.6,INR
2026-07-25,BLR,HYD,UK,Economy,21,5800.24,INR
2026-08-08,DEL,MAA,UK,Economy,7,9055.45,INR
2026-07-30,DEL,MAA,UK,Economy,21,7747.33,INR
2026-08-01,BLR,HYD,SG,Economy,35,3653.89,INR
2026-08-18,BLR,HYD,SG,Economy,10,4245.79,INR
2026-08-10,BLR,HYD,UK,Economy,40,5078.14,INR
2026-08-16,DEL,MAA,QP,Economy,5,6653.56,INR
2026-07-22,DEL,CCU,6E,Economy,7,6854.07,INR
2026-08-11,BLR,HYD,6E,Economy,25,4227.99,INR
2026-07-14,DEL,HYD,AI,Economy,2,6926.35,INR
2026-08-27,DEL,MAA,QP,Economy,14,6021.06,INR
2026-08-24,DEL,BOM,SG,Economy,5,5828.4,INR
2026-08-18,DEL,CCU,SG,Economy,25,5718.33,INR
2026-08-27,DEL,HYD,6E,Economy,7,5845.96,INR
2026-08-27,BOM,BLR,AI,Economy,45,3871.8,INR
2026-08-14,BOM,BLR,AI,Business,40,3782.4,INR
2026-08-17,BOM,BLR,QP,Business,35,3711.78,INR
2026-07-29,DEL,MAA,UK,Business,25,7844.33,INR
2026-07-20,DEL,CCU,6E,Business,25,6421.46,INR
2026-08-02,DEL,MAA,UK,Business,10,9008.57,INR
2026-08-21,DEL,MAA,SG,Economy,25,5418.79,INR
2026-07-20,DEL,HYD,AI,Economy,40,4366.61,INR
2026-08-08,BOM,BLR,SG,Economy,30,3723.68,INR
2026-08-25,DEL,HYD,6E,Economy,45,3741.09,INR
2026-07-31,BLR,HYD,6E,Economy,14,4436.18,INR
2026-08-22,DEL,MAA,6E,Business,30,5672.61,INR
2026-07-30,DEL,CCU,UK,Business,40,7140.62,INR
2026-08-06,BOM,BLR,QP,Economy,1,5248.14,INR
2026-07-14,DEL,MAA,QP,Business,40,5086.08,INR
2026-08-03,DEL,HYD,UK,Economy,25,6861.02,INR
2026-08-19,DEL,MAA,QP,Economy,5,6743.61,INR
2026-08-21,BOM,BLR,6E,Economy,10,4694.65,INR
2026-07-14,DEL,HYD,6E,Business,45,4007.25,INR
2026-08-12,DEL,CCU,QP,Economy,2,7203.74,INR
2026-08-16,DEL,BOM,SG,Business,10,5698.39,INR
2026-08-10,DEL,MAA,SG,Business,30,5274.78,INR
2026-08-08,BLR,HYD,AI,Economy,3,5394.67,INR
2026-08-16,DEL,HYD,SG,Economy,45,3939.23,INR
2026-08-09,BLR,HYD,UK,Economy,35,4896.66,INR
2026-07-16,DEL,MAA,SG,Economy,25,5144.9,INR
2026-08-20,DEL,CCU,AI,Economy,45,5982.02,INR
2026-08-01,DEL,CCU,6E,Economy,40,5193.89,INR
2026-08-09,DEL,HYD,UK,Economy,18,7266.89,INR
2026-07-14,BLR,HYD,SG,Business,2,4769.32,INR
2026-07-30,BOM,BLR,UK,Economy,5,6069.12,INR
2026-08-25,DEL,MAA,6E,Economy,3,6387.03,INR
2026-08-26,DEL,BOM,QP,Economy,25,4931.43,INR
2026-08-18,DEL,CCU,6E,Economy,40,5453.57,INR
2026-08-05,DEL,MAA,AI,Business,35,5766.81,INR
2026-08-23,BOM,BLR,UK,Business,2,7024.77,INR
2026-07-16,DEL,CCU,AI,Economy,40,5779.51,INR
2026-07-26,BLR,HYD,AI,Business,10,5398.12,INR
2026-08-16,DEL,MAA,UK,Economy,14,7801.28,INR
2026-08-10,DEL,BOM,6E,Economy,18,5487.01,INR
2026-08-08,DEL,MAA,SG,Business,2,6609.55,INR
2026-08-24,DEL,BOM,6E,Economy,40,4217.53,INR
2026-07-24,DEL,BOM,AI,Economy,14,5974.67,INR
2026-07-23,DEL,MAA,SG,Economy,45,4438.1,INR
2026-07-15,BLR,HYD,UK,Economy,7,6681.21,INR
2026-07-29,DEL,HYD,6E,Business,2,5689.83,INR
2026-08-13,BLR,HYD,SG,Economy,7,4316.99,INR
2026-08-21,DEL,HYD,UK,Economy,30,6590.37,INR
2026-08-19,DEL,CCU,AI,Economy,30,6832.81,INR
2026-08-21,DEL,HYD,QP,Economy,2,5992.15,INR
2026-07-25,BLR,HYD,6E,Economy,5,5090.75,INR
2026-07-30,DEL,MAA,UK,Economy,14,8528.9,INR
2026-08-09,BLR,HYD,6E,Economy,5,4850.72,INR
2026-08-10,DEL,BOM,6E,Economy,18,5211.27,INR
2026-08-16,BOM,BLR,SG,Economy,2,4361.31,INR
2026-08-25,BOM,BLR,SG,Economy,10,4350.28,INR
2026-07-25,BOM,BLR,UK,Economy,1,6568.58,INR
2026-08-05,BOM,BLR,QP,Economy,10,4877.11,INR
2026-08-22,DEL,MAA,QP,Economy,21,5763.68,INR
2026-07-18,DEL,CCU,6E,Business,18,6497.93,INR
2026-07-16,DEL,CCU,6E,Economy,30,5925.07,INR
2026-07-20,DEL,CCU,SG,Economy,10,6046.5,INR
2026-08-12,DEL,BOM,6E,Business,30,5125.73,INR
2026-08-05,DEL,CCU,UK,Economy,30,8238.85,INR
2026-08-15,BOM,BLR,UK,Economy,40,4586.35,INR
2026-08-01,DEL,CCU,6E,Economy,25,6119.34,INR
2026-07-29,BLR,HYD,6E,Economy,14,4244.64,INR
2026-07-17,DEL,HYD,6E,Economy,21,4754.48,INR
2026-08-12,DEL,MAA,6E,Economy,7,6794.84,INR
2026-08-02,DEL,MAA,6E,Economy,45,4436.51,INR
2026-08-23,DEL,BOM,SG,Economy,2,5795.13,INR
2026-08-04,DEL,HYD,AI,Economy,7,6623.71,INR
2026-07-21,BOM,BLR,QP,Economy,7,4665.75,INR
2026-08-13,DEL,CCU,UK,Economy,2,10545.52,INR
2026-07-23,BLR,HYD,6E,Economy,3,5298.71,INR
2026-08-01,DEL,HYD,AI,Economy,1,7077.59,INR
2026-08-20,DEL,CCU,6E,Economy,2,7426.03,INR
2026-07-27,DEL,HYD,SG,Economy,40,3881.42,INR
2026-08-03,BOM,BLR,AI,Economy,14,4845.39,INR
2026-08-10,DEL,CCU,UK,Business,1,9916.24,INR
2026-08-25,DEL,HYD,QP,Economy,35,4440.13,INR
2026-08-23,DEL,CCU,UK,Economy,2,10813.62,INR
2026-08-05,DEL,CCU,AI,Economy,1,8081.17,INR
2026-08-04,DEL,BOM,QP,Economy,40,4240.81,INR
2026-08-18,DEL,BOM,UK,Economy,40,5930.14,INR
2026-08-08,DEL,HYD,UK,Business,40,5320.39,INR
2026-07-22,BLR,HYD,6E,Economy,10,4652.16,INR
2026-07-25,BLR,HYD,UK,Economy,7,6535.79,INR
2026-07-17,DEL,BOM,QP,Economy,18,5363.46,INR
2026-08-14,BOM,BLR,SG,Business,10,4017.09,INR
2026-08-02,DEL,HYD,UK,Economy,40,5664.29,INR
2026-08-07,BOM,BLR,AI,Economy,45,3854.74,INR
2026-08-04,BOM,BLR,SG,Economy,1,4629.9,INR
2026-07-15,DEL,MAA,6E,Economy,14,5793.23,INR
2026-07-25,DEL,HYD,AI,Business,30,5131.29,INR
2026-08-01,BLR,HYD,AI,Economy,25,4851.27,INR
2026-07-26,DEL,HYD,UK,Economy,18,6734.87,INR
2026-08-23,BLR,HYD,SG,Economy,30,3563.46,INR
2026-08-09,DEL,CCU,UK,Economy,1,10513.19,INR
2026-08-21,DEL,MAA,UK,Economy,30,6810.16,INR
2026-07-22,BOM,BLR,6E,Economy,35,3733.31,INR
2026-08-04,DEL,BOM,AI,Economy,18,6306.74,INR
2026-08-01,DEL,BOM,SG,Business,40,4196.77,INR
2026-08-12,DEL,HYD,6E,Economy,21,4886.18,INR
2026-08-21,DEL,BOM,AI,Economy,14,6541.39,INR
2026-08-20,BOM,BLR,UK,Economy,10,6267.81,INR
2026-08-13,DEL,MAA,UK,Economy,21,7683.27,INR
2026-08-06,DEL,MAA,QP,Economy,5,7251.32,INR
2026-07-24,DEL,BOM,AI,Economy,3,6539.99,INR
2026-08-20,BLR,HYD,QP,Economy,10,4543.5,INR
2026-08-17,DEL,HYD,AI,Economy,10,6484.5,INR
2026-07-26,DEL,BOM,UK,Economy,2,8800.21,INR
2026-07-27,BLR,HYD,6E,Economy,40,3502.2,INR
2026-07-31,BLR,HYD,6E,Economy,25,3884.61,INR
2026-08-15,DEL,BOM,UK,Economy,10,8166.65,INR
2026-08-19,DEL,CCU,SG,Business,14,6190.68,INR
2026-08-15,BLR,HYD,UK,Economy,40,5180.71,INR
2026-08-06,DEL,HYD,AI,Economy,1,6325.16,INR
2026-08-23,DEL,CCU,SG,Economy,25,5798.61,INR
2026-08-07,DEL,BOM,SG,Economy,1,5807.98,INR
2026-08-24,BOM,BLR,SG,Economy,30,3366.8,INR
2026-07-23,BLR,HYD,AI,Economy,14,4907.69,INR
2026-08-11,BOM,BLR,UK,Economy,14,6134.81,INR
2026-07-17,DEL,MAA,UK,Economy,14,8668.13,INR
2026-08-25,BOM,BLR,QP,Economy,1,4827.13,INR
2026-08-17,DEL,MAA,AI,Business,45,5500.4,INR
2026-08-21,DEL,MAA,SG,Economy,7,5717.89,INR
2026-08-11,DEL,CCU,6E,Business,35,5859.54,INR
2026-08-04,BLR,HYD,AI,Economy,40,3893.01,INR
2026-08-25,DEL,MAA,QP,Economy,14,5803.04,INR
2026-07-23,DEL,HYD,SG,Economy,30,4029.35,INR
2026-08-27,DEL,MAA,SG,Economy,35,4517.33,INR
2026-08-14,BOM,BLR,SG,Business,21,3724.55,INR
2026-07-27,BOM,BLR,6E,Business,45,3321.98,INR
2026-08-02,DEL,MAA,UK,Economy,7,9275.09,INR
2026-08-03,DEL,MAA,AI,Economy,1,8214.07,INR
2026-08-23,DEL,BOM,UK,Economy,45,5839.73,INR
2026-07-22,DEL,HYD,UK,Business,25,6527.75,INR
2026-08-20,BOM,BLR,UK,Economy,35,4671.71,INR
2026-07-26,BOM,BLR,SG,Economy,10,4426.76,INR
2026-08-22,DEL,MAA,6E,Economy,1,6931.75,INR
2026-08-08,BOM,BLR,UK,Economy,1,6440.76,INR
2026-08-07,BLR,HYD,SG,Business,30,3498.12,INR
2026-07-24,DEL,BOM,QP,Business,18,5350.88,INR
2026-07-15,DEL,CCU,SG,Business,25,5890.3,INR
2026-08-26,DEL,HYD,UK,Economy,1,7977.04,INR
2026-08-11,BLR,HYD,6E,Business,40,3695.44,INR
2026-08-23,BLR,HYD,6E,Economy,18,4608.13,INR
2026-07-15,DEL,BOM,SG,Economy,30,4660.05,INR
2026-07-24,DEL,CCU,QP,Economy,45,5220.33,INR
2026-07-20,DEL,HYD,AI,Business,7,6182.46,INR
2026-08-05,DEL,BOM,QP,Economy,14,5556.54,INR
2026-07-30,DEL,CCU,QP,Economy,25,6312.58,INR
2026-07-31,DEL,CCU,SG,Economy,2,7120.24,INR
2026-08-27,DEL,HYD,QP,Business,10,5808.57,INR
2026-07-20,DEL,MAA,UK,Economy,5,9208.5,INR
2026-07-22,DEL,HYD,UK,Economy,10,7773.19,INR
2026-08-01,DEL,CCU,QP,Economy,35,5889.43,INR
2026-08-19,DEL,MAA,AI,Economy,14,6366.25,INR
2026-07-27,DEL,BOM,AI,Economy,21,5558.54,INR
2026-08-13,DEL,MAA,SG,Business,7,6031.21,INR
2026-08-18,BLR,HYD,UK,Economy,10,6353.53,INR
2026-08-23,DEL,CCU,UK,Business,21,8763.57,INR
2026-08-09,DEL,BOM,SG,Economy,45,3718.95,INR
2026-08-21,DEL,HYD,AI,Economy,40,4483.58,INR
2026-08-20,DEL,HYD,UK,Business,25,6112.76,INR
2026-08-22,DEL,CCU,6E,Economy,35,5847.08,INR
2026-07-28,DEL,BOM,QP,Economy,10,6196.12,INR
2026-08-03,DEL,HYD,QP,Economy,40,4501.87,INR
2026-08-02,DEL,CCU,AI,Business,40,6139.35,INR
2026-08-09,BOM,BLR,SG,Economy,30,3504.02,INR
2026-08-04,DEL,MAA,QP,Economy,45,4542.33,INR
2026-08-25,DEL,HYD,UK,Economy,2,8488.6,INR
2026-07-16,BOM,BLR,SG,Business,3,4838.23,INR
2026-08-22,DEL,CCU,UK,Economy,35,7227.74,INR
2026-07-21,DEL,CCU,6E,Economy,2,7450.67,INR
2026-08-03,DEL,CCU,QP,Economy,10,6950.23,INR
2026-08-20,BLR,HYD,QP,Business,35,3759.16,INR
2026-07-21,DEL,HYD,QP,Economy,40,4237.88,INR
2026-08-02,DEL,BOM,SG,Economy,21,4718.16,INR
2026-07-16,DEL,HYD,QP,Economy,3,6372.07,INR
2026-08-19,BLR,HYD,QP,Economy,45,3332.93,INR
2026-08-16,DEL,MAA,AI,Economy,7,7264.24,INR
2026-07-24,DEL,MAA,SG,Economy,2,6698.56,INR
2026-08-20,DEL,MAA,AI,Business,40,5773.26,INR
2026-08-18,DEL,MAA,6E,Economy,1,6889.23,INR
2026-07-15,DEL,BOM,QP,Economy,10,5974.88,INR
2026-08-04,DEL,MAA,SG,Economy,45,4098.58,INR
2026-07-29,DEL,HYD,6E,Economy,30,4281.79,INR
2026-08-20,BOM,BLR,AI,Business,14,5229.05,INR
2026-07-18,DEL,BOM,UK,Economy,25,6323.11,INR
2026-08-11,DEL,BOM,AI,Economy,5,6807.71,INR
2026-08-19,DEL,BOM,SG,Business,7,5317.73,INR
2026-07-20,BLR,HYD,SG,Economy,25,3999.09,INR
2026-07-19,DEL,HYD,AI,Economy,1,6399.44,INR
2026-07-31,DEL,BOM,UK,Business,18,7475.11,INR
2026-08-14,DEL,MAA,SG,Economy,30,4756.55,INR
2026-07-17,DEL,BOM,QP,Business,3,6464.99,INR
2026-07-25,DEL,MAA,UK,Economy,2,8881.03,INR
2026-08-05,BLR,HYD,QP,Economy,40,3521.17,INR
2026-08-09,BLR,HYD,SG,Economy,3,4661.5,INR
2026-08-13,DEL,HYD,QP,Economy,45,3968.13,INR
2026-07-21,BOM,BLR,QP,Economy,35,3711.55,INR
2026-08-21,DEL,HYD,UK,Economy,18,7167.39,INR
2026-08-25,DEL,MAA,UK,Economy,40,6740.81,INR
2026-07-23,DEL,HYD,QP,Business,3,5975.5,INR
2026-08-22,BLR,HYD,SG,Economy,40,3540.05,INR
2026-07-28,DEL,BOM,UK,Business,14,7424.17,INR
2026-08-21,DEL,CCU,UK,Economy,14,9128.98,INR
2026-07-20,DEL,BOM,UK,Business,25,6421.97,INR
2026-07-31,BLR,HYD,AI,Economy,5,5243.98,INR
2026-07-25,BLR,HYD,6E,Business,45,3623.94,INR
2026-08-23,BOM,BLR,SG,Economy,1,4839.49,INR
2026-07-15,DEL,CCU,UK,Economy,25,7680.35,INR
2026-08-03,BLR,HYD,6E,Economy,1,4961.66,INR
2026-08-10,DEL,CCU,6E,Economy,45,5015.7,INR
2026-08-01,DEL,BOM,QP,Business,45,4248.34,INR
2026-08-01,BOM,BLR,UK,Economy,30,5063.52,INR
2026-07-19,DEL,CCU,UK,Economy,7,9130.24,INR
2026-07-25,DEL,BOM,6E,Economy,1,6585.44,INR
2026-08-20,DEL,BOM,6E,Economy,,4200,INR
2026-07-23,DEL,MAA,QP,Economy,25,5872.21,INR
2026-08-25,DEL,MAA,6E,Economy,25,5615.79,INR
2026-07-29,DEL,MAA,AI,Economy,30,5917.52,INR
2026-08-21,BOM,BLR,6E,Economy,3,4614.76,INR
2026-08-08,DEL,MAA,QP,Business,2,6849.65,INR
2026-07-14,DEL,CCU,UK,Economy,45,6891.34,INR
2026-08-12,DEL,MAA,AI,Economy,2,7623.3,INR
2026-08-07,DEL,BOM,SG,Economy,10,5057.96,INR
2026-07-20,DEL,HYD,6E,Economy,2,5690.67,INR
2026-08-15,BLR,HYD,QP,Economy,18,4202.1,INR
2026-08-27,DEL,MAA,SG,Economy,45,4283.48,INR
2026-08-25,BOM,BLR,AI,Economy,10,4946.34,INR
2026-08-09,DEL,MAA,AI,Economy,45,4995.68,INR
2026-07-25,BOM,BLR,UK,Economy,5,6779.14,INR
2026-07-18,DEL,HYD,6E,Economy,45,4115.46,INR
2026-07-22,DEL,MAA,QP,Business,5,6988.98,INR
2026-07-25,DEL,HYD,QP,Economy,1,6307.98,INR
2026-08-24,DEL,BOM,QP,Economy,3,6411.8,INR
2026-07-17,BLR,HYD,QP,Economy,40,3829.74,INR
2026-08-23,BLR,HYD,SG,Economy,35,3353.51,INR
2026-08-24,DEL,CCU,SG,Economy,5,6957.74,INR
2026-08-14,DEL,BOM,SG,Economy,3,5717.97,INR
2026-07-23,DEL,BOM,SG,Economy,14,5495.15,INR
2026-07-16,DEL,HYD,6E,Economy,21,4626.55,INR
2026-08-17,DEL,MAA,AI,Economy,2,7908.02,INR
2026-08-06,DEL,HYD,6E,Economy,25,4866.49,INR
2026-08-11,BOM,BLR,UK,Economy,18,6103.11,INR
2026-08-21,BOM,BLR,6E,Business,5,4541.61,INR
2026-08-03,BLR,HYD,UK,Business,7,6758.68,INR
2026-08-27,BOM,BLR,QP,Economy,5,4986.51,INR
2026-08-23,DEL,MAA,UK,Economy,21,7810.74,INR
2026-08-03,DEL,HYD,QP,Economy,7,5785.46,INR
2026-07-28,DEL,MAA,AI,Economy,21,6484.25,INR
2026-08-08,DEL,MAA,SG,Economy,40,4531.85,INR
2026-08-15,BOM,BLR,AI,Economy,25,4469.73,INR
2026-08-04,DEL,CCU,UK,Economy,25,7934.56,INR
2026-07-25,BLR,HYD,UK,Economy,40,4956.89,INR
2026-07-27,BLR,HYD,UK,Economy,3,6606.87,INR
2026-08-13,DEL,CCU,UK,Economy,21,8902.28,INR
2026-08-26,DEL,MAA,SG,Economy,45,4073.49,INR
2026-08-20,DEL,HYD,6E,Economy,3,5889.1,INR
2026-07-24,BLR,HYD,UK,Business,25,5431.44,INR
2026-07-21,DEL,CCU,UK,Economy,18,8643.23,INR
2026-08-05,DEL,HYD,6E,Economy,3,5816.91,INR
2026-08-18,DEL,MAA,6E,Economy,18,5990.87,INR
2026-08-13,DEL,MAA,6E,Economy,21,5757.54,INR
2026-08-17,DEL,MAA,UK,Economy,3,9244.83,INR
2026-07-23,DEL,MAA,6E,Economy,3,6502.32,INR
2026-08-17,DEL,BOM,UK,Economy,7,7793.01,INR
2026-08-05,BLR,HYD,UK,Economy,35,5392.25,INR
2026-07-15,DEL,BOM,QP,Business,1,6098.08,INR
2026-08-07,DEL,BOM,QP,Economy,35,4782.86,INR
2026-07-27,DEL,MAA,QP,Economy,21,6151.99,INR
2026-08-13,DEL,CCU,6E,Economy,7,7545.11,INR
2026-08-14,BOM,BLR,6E,Business,10,4486.0,INR
2026-08-18,DEL,MAA,UK,Economy,21,7689.72,INR
2026-07-15,BLR,HYD,6E,Economy,7,4732.16,INR
2026-07-16,DEL,CCU,QP,Economy,40,5667.58,INR
2026-08-22,BLR,HYD,QP,Economy,2,5218.5,INR
2026-08-01,DEL,BOM,UK,Economy,40,6072.32,INR
2026-08-04,BLR,HYD,SG,Economy,30,3526.88,INR
2026-07-21,DEL,BOM,6E,Economy,18,5566.3,INR
2026-07-31,BOM,BLR,UK,Economy,18,5886.21,INR
2026-08-27,DEL,CCU,SG,Business,21,5683.45,INR
2026-08-22,BLR,HYD,SG,Economy,18,4363.65,INR
2026-07-29,DEL,CCU,AI,Business,40,5694.88,INR
2026-08-19,DEL,MAA,QP,Economy,10,6085.11,INR
2026-07-24,DEL,CCU,6E,Economy,7,6656.05,INR
2026-07-26,DEL,BOM,AI,Economy,3,7342.53,INR
2026-08-20,DEL,MAA,AI,Economy,7,7268.8,INR
2026-08-14,DEL,HYD,SG,Economy,3,5134.27,INR
2026-07-28,BLR,HYD,UK,Business,10,6634.74,INR
2026-08-05,BLR,HYD,AI,Business,40,4078.4,INR
2026-08-06,DEL,MAA,6E,Economy,10,6229.12,INR
2026-08-25,DEL,CCU,6E,Economy,14,6986.64,INR
2026-07-14,DEL,MAA,QP,Economy,1,6815.47,INR
2026-08-14,DEL,HYD,QP,Economy,3,6372.42,INR
2026-07-26,DEL,MAA,AI,Economy,10,7466.9,INR
2026-07-21,DEL,BOM,UK,Economy,30,6951.74,INR
2026-08-23,BOM,BLR,SG,Economy,5,4411.74,INR
2026-08-16,DEL,HYD,UK,Business,18,7208.81,INR
2026-07-27,BOM,BLR,UK,Economy,18,5562.24,INR
2026-07-29,DEL,HYD,UK,Economy,25,6544.15,INR
2026-08-26,DEL,BOM,UK,Economy,5,7637.49,INR
2026-08-27,BLR,HYD,QP,Economy,45,3554.43,INR
2026-08-16,DEL,BOM,SG,Economy,10,5688.92,INR
2026-07-19,DEL,HYD,QP,Economy,21,5304.9,INR
2026-08-08,DEL,CCU,QP,Business,40,5110.85,INR
2026-08-07,DEL,CCU,QP,Economy,2,7606.53,INR
2026-08-19,BLR,HYD,SG,Economy,30,3762.52,INR
2026-08-19,DEL,,AI,Economy,10,5100,INR
2026-07-20,DEL,BOM,6E,Business,40,4694.02,INR
2026-08-23,DEL,MAA,AI,Economy,21,6683.26,INR
2026-08-18,DEL,CCU,SG,Economy,2,6605.25,INR
2026-08-13,DEL,HYD,QP,Economy,5,5772.8,INR
2026-08-11,DEL,CCU,UK,Business,2,9782.25,INR
2026-07-28,DEL,CCU,QP,Economy,5,7313.01,INR
2026-08-19,BOM,BLR,AI,Economy,25,4264.01,INR
2026-08-14,DEL,HYD,SG,Economy,40,3825.76,INR
2026-08-21,BOM,BLR,AI,Economy,21,4630.02,INR
2026-08-02,DEL,MAA,AI,Economy,40,5597.57,INR
2026-08-04,DEL,CCU,UK,Economy,18,8134.76,INR
2026-08-11,DEL,MAA,QP,Economy,35,5353.68,INR
2026-07-17,BOM,BLR,UK,Economy,3,6249.13,INR
2026-07-28,DEL,CCU,UK,Economy,3,10672.72,INR
2026-08-21,DEL,MAA,QP,Economy,25,5924.7,INR
2026-07-21,DEL,CCU,6E,Economy,25,5750.71,INR
2026-08-15,DEL,CCU,6E,Economy,40,5465.42,INR
2026-08-20,DEL,CCU,SG,Economy,21,5651.9,INR
2026-08-22,BOM,BLR,SG,Economy,30,3768.85,INR
2026-08-23,DEL,HYD,AI,Economy,25,5443.89,INR
2026-07-29,BLR,HYD,UK,Economy,1,7419.16,INR
2026-07-23,BLR,HYD,6E,Economy,25,4332.89,INR
2026-08-12,BOM,BLR,AI,Economy,30,4014.95,INR
2026-07-15,DEL,HYD,QP,Economy,45,4038.53,INR
2026-07-20,DEL,BOM,6E,Economy,40,4304.81,INR
2026-07-14,DEL,CCU,SG,Business,45,4747.42,INR
2026-08-27,DEL,HYD,6E,Economy,40,4366.55,INR
2026-08-21,BOM,BLR,UK,Economy,10,5779.59,INR
2026-08-04,DEL,MAA,UK,Economy,30,6743.57,INR
2026-07-26,DEL,CCU,AI,Economy,10,7942.03,INR
2026-08-19,BLR,HYD,UK,Economy,10,6147.19,INR
2026-08-25,DEL,CCU,UK,Economy,21,8230.22,INR
2026-07-17,DEL,CCU,UK,Economy,35,7886.57,INR
2026-07-21,BLR,HYD,AI,Economy,2,5634.94,INR
2026-07-16,BLR,HYD,6E,Economy,35,3989.31,INR
2026-07-21,DEL,CCU,UK,Economy,18,8193.63,INR
2026-07-27,DEL,BOM,SG,Economy,25,4588.11,INR
2026-08-05,DEL,MAA,6E,Economy,25,5876.4,INR
2026-08-09,DEL,HYD,QP,Economy,14,5345.98,INR
2026-08-24,DEL,MAA,SG,Economy,1,6290.45,INR
2026-08-01,DEL,CCU,AI,Economy,7,8362.91,INR
2026-08-14,DEL,HYD,SG,Economy,3,5589.73,INR
2026-07-25,BLR,HYD,SG,Economy,40,3311.55,INR
2026-08-22,DEL,BOM,QP,Economy,7,5956.48,INR
2026-07-19,BOM,BLR,UK,Economy,25,5516.67,INR
2026-08-10,DEL,BOM,QP,Economy,21,5247.3,INR
2026-08-06,BLR,HYD,SG,Business,14,4437.27,INR
2026-08-02,DEL,BOM,UK,Economy,7,7863.43,INR
2026-07-17,DEL,CCU,QP,Economy,45,5166.54,INR
2026-08-23,DEL,BOM,QP,Economy,35,4717.04,INR
2026-08-14,BLR,HYD,SG,Economy,18,4309.55,INR
2026-08-26,DEL,CCU,AI,Business,25,6393.93,INR
2026-08-06,BOM,BLR,UK,Economy,1,6371.86,INR
2026-07-22,DEL,BOM,SG,Business,14,5123.35,INR
2026-08-11,DEL,HYD,AI,Economy,7,6664.78,INR
2026-07-26,DEL,CCU,QP,Economy,10,6843.29,INR
2026-08-04,DEL,HYD,UK,Economy,40,5910.52,INR
2026-07-22,DEL,CCU,UK,Economy,18,8244.64,INR
2026-08-17,DEL,MAA,6E,Economy,18,5984.35,INR
2026-08-12,DEL,BOM,UK,Business,25,6919.86,INR
2026-08-16,BLR,HYD,QP,Economy,10,4469.34,INR
2026-07-23,DEL,MAA,AI,Economy,5,7722.37,INR
2026-08-12,DEL,MAA,6E,Economy,10,6729.82,INR
2026-08-14,DEL,BOM,SG,Economy,25,4552.52,INR
2026-08-07,DEL,CCU,SG,Business,14,6528.71,INR
2026-08-27,BOM,BLR,6E,Economy,35,3536.61,INR
2026-08-07,BOM,BLR,AI,Economy,18,4591.0,INR
2026-07-16,DEL,BOM,UK,Economy,18,7457.11,INR
2026-08-16,BLR,HYD,UK,Business,14,6080.79,INR
2026-07-30,DEL,BOM,SG,Business,5,5354.98,INR
2026-08-21,DEL,BOM,QP,Economy,2,6575.87,INR
2026-07-15,DEL,CCU,QP,Economy,45,4978.15,INR
2026-07-25,DEL,HYD,QP,Economy,14,5572.55,INR
2026-08-12,DEL,CCU,AI,Economy,14,7896.38,INR
2026-08-07,DEL,HYD,UK,Economy,14,7052.48,INR
2026-07-30,BLR,HYD,AI,Economy,30,4288.61,INR
2026-08-15,BLR,HYD,SG,Economy,30,3574.68,INR
2026-08-15,DEL,BOM,QP,Business,21,5269.8,INR
2026-08-25,BLR,HYD,QP,Economy,30,3928.84,INR
2026-07-24,DEL,MAA,6E,Economy,45,4474.37,INR
2026-08-26,DEL,CCU,QP,Economy,7,7132.98,INR
2026-07-27,DEL,BOM,UK,Economy,35,6299.37,INR
2026-07-25,BOM,BLR,QP,Economy,7,4684.07,INR
2026-08-27,BLR,HYD,UK,Economy,35,4888.25,INR
2026-08-12,DEL,CCU,6E,Economy,1,7159.16,INR
2026-08-08,DEL,HYD,UK,Economy,30,5912.76,INR
2026-07-20,DEL,HYD,QP,Business,2,6110.21,INR
2026-08-08,DEL,BOM,6E,Economy,2,5911.87,INR
2026-08-20,DEL,BOM,SG,Economy,45,4084.82,INR
2026-07-22,DEL,HYD,AI,Economy,10,6439.51,INR
2026-08-15,DEL,MAA,QP,Economy,35,4896.53,INR
2026-08-02,DEL,HYD,QP,Economy,10,5337.7,INR
2026-08-05,BOM,BLR,6E,Economy,1,4800.84,INR
2026-07-30,BOM,BLR,QP,Economy,3,4953.38,INR
2026-07-19,DEL,MAA,6E,Economy,30,5680.52,INR
2026-08-22,DEL,CCU,SG,Business,10,6853.68,INR
2026-08-08,BOM,BLR,UK,Economy,3,6487.87,INR
2026-07-31,BLR,HYD,UK,Economy,21,6104.68,INR
2026-07-17,DEL,MAA,AI,Economy,14,6536.46,INR
2026-07-17,DEL,BOM,UK,Economy,14,6908.36,INR
2026-07-28,BOM,BLR,SG,Economy,18,4221.42,INR
2026-08-15,BLR,HYD,QP,Economy,1,5597.48,INR
2026-08-06,DEL,CCU,SG,Economy,35,5523.69,INR
2026-08-04,DEL,MAA,SG,Economy,18,5745.9,INR
2026-08-14,BLR,HYD,SG,Business,14,3985.33,INR
2026-07-20,DEL,CCU,QP,Economy,45,5496.34,INR
2026-08-19,BOM,BLR,UK,Economy,10,6436.95,INR
2026-08-22,DEL,MAA,QP,Business,45,5059.56,INR
2026-08-21,BLR,HYD,UK,Economy,1,6526.66,INR
2026-08-17,DEL,CCU,QP,Economy,40,5544.94,INR
2026-08-05,DEL,MAA,UK,Business,14,7752.12,INR
2026-07-18,DEL,BOM,6E,Economy,18,5482.14,INR
2026-08-07,BOM,BLR,UK,Economy,40,4533.06,INR
2026-07-28,DEL,MAA,SG,Economy,18,5403.3,INR
2026-08-11,BLR,HYD,SG,Economy,2,4656.09,INR
2026-07-20,DEL,BOM,SG,Economy,35,4378.58,INR
2026-07-15,DEL,MAA,SG,Economy,45,4404.19,INR
2026-07-28,BLR,HYD,UK,Economy,10,5893.06,INR
2026-08-15,DEL,BOM,AI,Economy,21,6175.34,INR
2026-07-23,BOM,BLR,UK,Economy,35,4949.96,INR
2026-08-01,DEL,HYD,QP,Economy,5,5589.75,INR
2026-08-15,DEL,CCU,QP,Economy,35,5649.67,INR
2026-07-31,BOM,BLR,UK,Economy,35,5077.14,INR
2026-07-28,DEL,HYD,SG,Economy,7,5411.04,INR
2026-07-24,BOM,BLR,SG,Economy,5,4527.43,INR
2026-07-31,DEL,MAA,AI,Economy,14,6591.14,INR
2026-08-21,DEL,BOM,AI,Business,45,4721.17,INR
2026-08-01,DEL,MAA,QP,Business,2,6925.22,INR
2026-07-29,DEL,CCU,UK,Economy,40,6752.63,INR
2026-08-22,DEL,CCU,6E,Business,5,7674.95,INR
2026-07-22,DEL,CCU,6E,Economy,10,7131.74,INR
2026-08-21,DEL,CCU,SG,Business,2,6787.96,INR
2026-08-06,DEL,BOM,6E,Economy,45,4321.89,INR
2026-08-23,BOM,BLR,UK,Economy,7,6495.2,INR
2026-07-24,DEL,BOM,SG,Economy,1,5954.95,INR
2026-07-21,BLR,HYD,6E,Business,7,5004.22,INR
2026-07-20,BLR,HYD,QP,Business,7,4694.69,INR
2026-08-06,DEL,CCU,6E,Economy,21,6242.89,INR
2026-08-24,DEL,MAA,6E,Economy,18,5554.85,INR
2026-08-12,DEL,HYD,6E,Business,18,4726.56,INR
2026-07-27,DEL,BOM,AI,Economy,18,6189.04,INR
2026-08-12,BLR,HYD,SG,Business,14,4201.53,INR
2026-08-23,DEL,HYD,UK,Economy,21,6224.96,INR
2026-08-25,BLR,HYD,QP,Economy,18,4629.52,INR
2026-07-19,DEL,CCU,UK,Economy,30,8133.42,INR
2026-08-02,DEL,CCU,AI,Business,21,7035.9,INR
2026-08-25,DEL,MAA,AI,Economy,10,6801.48,INR
2026-07-25,BOM,BLR,AI,Economy,40,3992.0,INR
2026-08-19,BOM,BLR,UK,Economy,18,5818.5,INR
2026-07-30,DEL,CCU,QP,Economy,21,6167.3,INR
2026-07-14,BLR,HYD,AI,Economy,3,5907.88,INR
2026-08-13,DEL,BOM,UK,Economy,25,7040.64,INR
2026-08-14,DEL,HYD,6E,Economy,21,4942.81,INR
2026-08-26,DEL,MAA,SG,Economy,40,4807.24,INR
2026-08-21,BOM,BLR,UK,Economy,1,6534.98,INR
2026-08-14,DEL,CCU,QP,Economy,14,6606.93,INR
2026-08-20,DEL,CCU,QP,Business,5,7710.92,INR
2026-07-20,BLR,HYD,SG,Economy,18,4106.7,INR
2026-08-25,DEL,BOM,AI,Business,1,7212.21,INR
2026-07-25,BOM,BLR,UK,Economy,3,7056.94,INR
2026-08-05,DEL,MAA,AI,Economy,7,7474.08,INR
2026-08-04,DEL,BOM,UK,Economy,3,8442.67,INR
2026-07-29,DEL,MAA,AI,Economy,25,5894.81,INR
2026-08-02,DEL,CCU,AI,Economy,5,8659.01,INR
2026-08-03,BOM,BLR,AI,Business,14,4557.55,INR
2026-08-12,DEL,CCU,AI,Business,18,6912.43,INR
2026-08-15,DEL,MAA,SG,Economy,3,6333.61,INR
2026-08-26,DEL,MAA,AI,Economy,45,5508.81,INR
2026-08-18,BOM,BLR,6E,Business,21,4381.72,INR
2026-08-20,DEL,MAA,SG,Economy,18,5709.69,INR
2026-08-22,DEL,CCU,SG,Economy,7,6966.24,INR
2026-08-15,DEL,BOM,QP,Economy,1,6014.34,INR
2026-08-06,BOM,BLR,UK,Economy,21,5431.77,INR
2026-08-16,BLR,HYD,QP,Economy,25,4239.23,INR
2026-07-27,DEL,BOM,AI,Business,10,6238.04,INR
2026-07-23,BOM,BLR,6E,Economy,5,4798.03,INR
2026-08-14,DEL,BOM,SG,Economy,1,6323.13,INR
2026-08-20,DEL,CCU,UK,Economy,1,10390.32,INR
2026-07-25,BOM,BLR,QP,Economy,35,3498.41,INR
2026-08-13,BOM,BLR,UK,Business,5,6733.41,INR
2026-07-18,BLR,HYD,SG,Economy,5,4908.27,INR
2026-08-06,BLR,HYD,SG,Business,35,3305.55,INR
2026-08-18,BLR,HYD,UK,Economy,40,4754.69,INR
2026-07-26,BLR,HYD,6E,Economy,1,5241.32,INR
2026-08-24,DEL,MAA,6E,Economy,5,6459.78,INR
2026-08-11,DEL,HYD,UK,Business,18,6683.31,INR
2026-08-06,BLR,HYD,6E,Business,30,3849.08,INR
2026-08-04,DEL,BOM,QP,Economy,14,5421.3,INR
2026-07-20,DEL,HYD,6E,Economy,10,5428.68,INR
2026-07-17,DEL,HYD,UK,Economy,1,7642.8,INR
2026-08-20,BOM,BLR,6E,Business,3,4740.15,INR
2026-08-15,DEL,HYD,AI,Economy,45,4343.89,INR
2026-08-20,DEL,HYD,UK,Business,18,7103.59,INR
2026-08-03,DEL,MAA,QP,Economy,18,5829.5,INR
2026-08-08,DEL,BOM,SG,Business,21,4954.01,INR
2026-07-14,DEL,HYD,SG,Economy,35,4046.56,INR
2026-07-31,DEL,MAA,QP,Economy,21,6122.91,INR
2026-08-24,DEL,HYD,6E,Business,21,4922.67,INR
2026-07-26,BOM,BLR,AI,Economy,1,5667.59,INR
2026-07-29,DEL,CCU,6E,Business,7,6860.84,INR
2026-08-04,DEL,BOM,SG,Economy,25,4785.64,INR
2026-07-27,BLR,HYD,AI,Economy,14,4968.27,INR
2026-07-31,BLR,HYD,QP,Business,2,4869.52,INR
2026-07-25,DEL,HYD,SG,Economy,30,4307.51,INR
2026-08-14,BOM,BLR,AI,Business,45,3881.66,INR
2026-08-03,BLR,HYD,6E,Economy,40,3449.98,INR
2026-07-16,BOM,BLR,UK,Economy,45,4778.62,INR
2026-08-17,DEL,MAA,SG,Economy,3,6720.8,INR
2026-07-15,BLR,HYD,UK,Economy,45,4517.8,INR
2026-07-29,BLR,HYD,UK,Business,30,5253.8,INR
2026-08-18,DEL,BOM,UK,Economy,3,7909.23,INR
2026-07-31,DEL,BOM,UK,Economy,25,7113.2,INR
2026-07-22,DEL,MAA,QP,Business,2,7019.09,INR
2026-07-26,DEL,CCU,6E,Economy,1,7119.32,INR
2026-08-27,BLR,HYD,AI,Business,5,5183.92,INR
2026-08-19,DEL,CCU,UK,Economy,21,8624.93,INR
2026-07-30,DEL,CCU,AI,Economy,40,5824.58,INR
2026-07-24,BLR,HYD,6E,Economy,7,5033.62,INR
2026-08-04,BLR,HYD,AI,Business,40,4238.4,INR
2026-07-31,DEL,BOM,AI,Economy,3,6971.56,INR
2026-07-20,DEL,CCU,6E,Economy,3,7366.36,INR
2026-08-15,DEL,CCU,AI,Economy,7,7442.64,INR
2026-07-20,DEL,CCU,AI,Business,14,7521.93,INR
2026-08-06,BLR,HYD,UK,Economy,5,6515.02,INR
2026-08-18,DEL,CCU,QP,Economy,25,5960.09,INR
2026-08-12,BLR,HYD,SG,Economy,2,4547.87,INR
2026-07-30,DEL,MAA,6E,Economy,45,4555.51,INR
2026-07-24,DEL,MAA,QP,Economy,45,4957.3,INR
2026-08-04,DEL,BOM,AI,Business,40,5066.14,INR
2026-08-12,DEL,HYD,SG,Business,2,5889.74,INR
2026-07-16,DEL,HYD,UK,Economy,10,7184.78,INR
2026-08-12,DEL,MAA,AI,Economy,30,6391.88,INR
2026-07-25,BLR,HYD,AI,Economy,25,4706.3,INR
2026-08-24,BLR,HYD,UK,Economy,2,6969.94,INR
2026-08-09,DEL,BOM,6E,Economy,3,6395.92,INR
2026-08-17,DEL,HYD,QP,Economy,21,4901.67,INR
2026-08-05,DEL,CCU,UK,Business,45,6838.84,INR
2026-08-02,DEL,HYD,QP,Economy,30,4413.08,INR
2026-07-31,BLR,HYD,AI,Business,40,4204.91,INR
2026-07-29,DEL,CCU,AI,Economy,25,6576.05,INR
2026-08-24,DEL,MAA,QP,Economy,14,6192.43,INR
2026-07-15,DEL,CCU,QP,Economy,35,5916.08,INR
2026-08-10,DEL,MAA,QP,Economy,25,5428.57,INR
2026-07-28,BOM,BLR,UK,Economy,10,6223.36,INR
2026-08-23,BLR,HYD,6E,Economy,45,3476.14,INR
2026-07-28,DEL,BOM,QP,Economy,5,6229.15,INR
2026-07-21,DEL,BOM,QP,Economy,3,6006.54,INR
2026-08-23,DEL,CCU,AI,Economy,45,5638.54,INR
2026-07-20,DEL,MAA,UK,Business,14,8087.12,INR
2026-07-26,DEL,MAA,6E,Business,30,5511.93,INR
2026-08-16,DEL,HYD,6E,Economy,21,4668.19,INR
2026-08-06,DEL,MAA,QP,Business,21,5760.14,INR
2026-07-29,BLR,HYD,AI,Economy,1,6131.2,INR
2026-08-12,DEL,BOM,SG,Economy,2,6016.99,INR
2026-08-25,BOM,BLR,QP,Economy,10,4911.6,INR
2026-08-14,DEL,MAA,UK,Economy,10,8677.18,INR
2026-08-13,DEL,CCU,6E,Economy,5,7230.23,INR
2026-08-17,DEL,MAA,QP,Business,10,6348.76,INR
2026-07-30,DEL,BOM,QP,Economy,2,6162.64,INR
2026-08-24,BLR,HYD,QP,Economy,7,4654.17,INR
2026-07-25,DEL,BOM,6E,Economy,2,5874.13,INR
2026-07-19,DEL,BOM,SG,Economy,3,6112.61,INR
2026-07-16,DEL,MAA,SG,Economy,5,6611.25,INR
2026-08-04,DEL,BOM,UK,Economy,1,8109.59,INR
2026-07-14,DEL,MAA,AI,Economy,3,7331.37,INR
2026-08-12,DEL,HYD,AI,Economy,21,5781.12,INR
2026-07-27,BLR,HYD,AI,Economy,35,4369.74,INR
2026-08-19,DEL,HYD,SG,Economy,7,5143.67,INR
2026-08-10,DEL,CCU,AI,Economy,18,6821.22,INR
2026-07-24,DEL,CCU,6E,Economy,30,6090.93,INR
2026-08-01,BOM,BLR,QP,Business,35,3862.38,INR
2026-08-01,DEL,HYD,QP,Economy,5,5808.02,INR
2026-08-10,DEL,MAA,QP,Economy,2,6886.72,INR
2026-08-17,DEL,BOM,QP,Business,10,6171.98,INR
2026-07-17,DEL,MAA,AI,Economy,5,7760.28,INR
2026-07-23,DEL,CCU,6E,Economy,10,6830.37,INR
2026-08-22,DEL,BOM,SG,Economy,1,5641.53,INR
2026-08-02,BLR,HYD,UK,Economy,30,5241.6,INR
2026-08-22,DEL,BOM,6E,Economy,2,6383.98,INR
2026-07-29,BLR,HYD,6E,Economy,1,5316.19,INR
2026-08-11,BOM,BLR,SG,Economy,30,3602.63,INR
2026-08-07,DEL,CCU,6E,Economy,2,7141.03,INR
2026-07-29,DEL,CCU,UK,Economy,3,9854.02,INR
2026-07-17,DEL,BOM,SG,Economy,35,4109.87,INR
2026-08-11,DEL,BOM,AI,Economy,7,6414.25,INR
2026-08-27,BLR,HYD,UK,Economy,18,6213.72,INR
2026-07-28,BOM,BLR,AI,Economy,45,3616.4,INR
2026-08-03,BLR,HYD,UK,Economy,1,7050.88,INR
2026-07-22,DEL,BOM,AI,Business,18,5745.37,INR
2026-08-27,BLR,HYD,QP,Business,21,4141.71,INR
2026-08-14,BOM,BLR,AI,Economy,40,4008.76,INR
2026-08-05,DEL,MAA,6E,Economy,1,6589.88,INR
2026-07-31,DEL,BOM,AI,Economy,7,6647.83,INR
2026-07-29,DEL,CCU,SG,Economy,18,5822.93,INR
2026-08-05,DEL,MAA,UK,Economy,3,8638.67,INR
2026-07-24,DEL,BOM,SG,Economy,2,5766.75,INR
2026-08-03,DEL,MAA,AI,Economy,3,8159.89,INR
2026-08-25,DEL,BOM,AI,Economy,7,6990.84,INR
2026-08-11,DEL,CCU,QP,Business,30,6016.17,INR
2026-07-30,DEL,HYD,SG,Economy,3,5555.08,INR
2026-08-27,BLR,HYD,QP,Economy,40,3487.03,INR
2026-08-19,DEL,MAA,SG,Business,10,5676.89,INR
2026-08-10,BOM,BLR,SG,Business,21,3824.88,INR
2026-08-22,DEL,CCU,QP,Business,45,4900.1,INR
2026-08-12,BOM,BLR,6E,Economy,2,5074.39,INR
2026-08-24,DEL,MAA,SG,Economy,10,5982.52,INR
2026-07-23,BOM,BLR,QP,Business,3,4936.95,INR
2026-08-23,DEL,MAA,AI,Economy,30,6159.77,INR
2026-07-28,DEL,CCU,QP,Economy,10,6707.39,INR
2026-07-17,BOM,BLR,UK,Economy,18,5649.65,INR
2026-07-25,DEL,CCU,6E,Business,45,4893.17,INR
2026-08-16,DEL,CCU,6E,Economy,21,6224.88,INR
2026-08-15,BOM,BLR,AI,Economy,21,4535.38,INR
2026-08-15,DEL,MAA,6E,Economy,3,7124.26,INR
2026-07-24,DEL,HYD,SG,Economy,25,4597.1,INR
2026-08-25,BLR,HYD,UK,Economy,10,5957.43,INR
2026-08-09,DEL,HYD,AI,Economy,30,5077.38,INR
2026-08-06,BLR,HYD,SG,Economy,35,3449.62,INR
2026-08-09,BOM,BLR,UK,Economy,10,6267.3,INR
2026-08-10,BLR,HYD,QP,Economy,7,5177.21,INR
2026-08-05,BLR,HYD,6E,Economy,18,4239.58,INR
2026-08-22,DEL,BOM,6E,Economy,7,6058.31,INR
2026-08-07,DEL,BOM,AI,Economy,14,5786.28,INR
2026-08-10,DEL,CCU,SG,Business,18,5750.63,INR
2026-07-26,DEL,MAA,AI,Economy,18,6735.36,INR
2026-07-19,DEL,MAA,QP,Economy,40,5096.77,INR
2026-08-26,DEL,MAA,AI,Economy,3,7404.11,INR
2026-07-28,DEL,MAA,SG,Economy,2,6532.28,INR
2026-07-20,DEL,MAA,6E,Economy,35,5153.13,INR
2026-08-09,DEL,BOM,AI,Business,7,6662.58,INR
2026-08-08,DEL,HYD,QP,Economy,2,6064.63,INR
2026-08-21,DEL,MAA,6E,Business,2,6645.84,INR
2026-08-25,BOM,BLR,6E,Economy,45,3319.46,INR
2026-07-14,DEL,CCU,6E,Economy,30,5687.98,INR
2026-08-26,DEL,MAA,SG,Business,2,6079.38,INR
2026-08-24,DEL,HYD,AI,Economy,25,5226.1,INR
2026-08-11,DEL,MAA,UK,Business,10,8084.32,INR
2026-08-13,DEL,MAA,QP,Economy,7,6988.52,INR
2026-07-19,DEL,MAA,UK,Economy,35,7370.99,INR
2026-08-09,DEL,HYD,UK,Economy,25,6017.28,INR
2026-07-14,BLR,HYD,AI,Economy,3,5598.7,INR
2026-07-27,BLR,HYD,QP,Economy,40,3559.96,INR
2026-08-08,DEL,CCU,QP,Economy,30,6106.57,INR
2026-07-28,BOM,BLR,UK,Economy,1,6298.41,INR
2026-08-01,DEL,HYD,AI,Economy,21,5557.5,INR
2026-08-14,DEL,MAA,AI,Economy,1,7554.26,INR
2026-08-07,DEL,CCU,AI,Economy,3,7832.35,INR
2026-08-25,BLR,HYD,UK,Business,21,5879.08,INR
2026-08-01,DEL,CCU,AI,Economy,40,5537.71,INR
2026-08-20,DEL,CCU,AI,Economy,14,7263.99,INR
2026-07-29,DEL,MAA,QP,Economy,35,5234.36,INR
2026-07-15,BOM,BLR,SG,Economy,45,3170.02,INR
2026-08-03,BLR,HYD,UK,Economy,30,5041.68,INR
2026-07-29,BLR,HYD,6E,Business,5,4842.36,INR
2026-07-30,DEL,MAA,6E,Economy,35,5210.37,INR
2026-07-23,DEL,MAA,UK,Business,25,7984.67,INR
2026-07-30,BLR,HYD,QP,Economy,18,4556.45,INR
2026-07-24,DEL,HYD,6E,Economy,7,5820.59,INR
2026-07-16,DEL,MAA,6E,Economy,7,6124.81,INR
2026-07-24,BLR,HYD,UK,Economy,3,6528.72,INR
2026-07-29,DEL,CCU,QP,Economy,35,5453.86,INR
2026-08-22,BOM,BLR,AI,Economy,21,4316.83,INR
2026-07-16,DEL,HYD,SG,Economy,10,5381.65,INR
2026-08-02,BLR,HYD,6E,Economy,21,4464.06,INR
2026-08-07,BOM,BLR,AI,Business,5,5089.54,INR
2026-07-22,BLR,HYD,UK,Economy,7,6436.01,INR
2026-08-12,DEL,CCU,QP,Economy,14,6950.57,INR
2026-07-15,DEL,HYD,QP,Business,5,5456.12,INR
2026-08-05,BLR,HYD,UK,Economy,45,4696.98,INR
2026-07-14,BLR,HYD,QP,Economy,18,4510.3,INR
2026-08-19,DEL,BOM,SG,Economy,18,5078.08,INR
2026-07-22,BOM,BLR,6E,Economy,5,4923.99,INR
2026-07-16,DEL,CCU,QP,Economy,10,6805.08,INR
2026-07-18,DEL,HYD,QP,Business,30,4487.11,INR
2026-07-24,DEL,HYD,6E,Economy,21,4772.98,INR
2026-07-29,DEL,HYD,AI,Economy,3,6304.07,INR
2026-08-19,DEL,CCU,6E,Economy,18,6002.43,INR
2026-08-26,DEL,CCU,6E,Economy,2,7595.58,INR
2026-08-26,BLR,HYD,6E,Economy,21,4088.85,INR
2026-08-03,DEL,MAA,6E,Economy,21,5457.44,INR
2026-08-04,DEL,MAA,UK,Economy,5,8723.52,INR
2026-08-08,DEL,CCU,AI,Economy,30,6123.09,INR
2026-08-11,DEL,BOM,6E,Economy,45,4124.82,INR
2026-08-04,DEL,CCU,QP,Business,25,5840.46,INR
2026-08-07,DEL,HYD,AI,Economy,5,6452.58,INR
2026-08-22,BLR,HYD,QP,Economy,1,5421.01,INR
2026-08-05,BLR,HYD,UK,Economy,14,5826.1,INR
2026-08-26,BOM,BLR,UK,Economy,35,4821.62,INR
2026-07-19,DEL,MAA,AI,Economy,10,7534.34,INR
2026-08-27,BLR,HYD,AI,Economy,10,5229.39,INR
2026-07-30,BOM,BLR,UK,Economy,10,5737.22,INR
2026-07-30,DEL,MAA,AI,Business,21,6102.51,INR
2026-07-16,DEL,BOM,SG,Economy,1,5898.89,INR
2026-08-10,BLR,HYD,AI,Economy,21,4982.41,INR
2026-07-30,DEL,MAA,QP,Economy,45,4743.64,INR
2026-08-14,DEL,HYD,QP,Economy,10,5224.19,INR
2026-08-01,DEL,CCU,6E,Economy,30,5664.52,INR
2026-08-01,DEL,BOM,SG,Economy,21,4547.12,INR
2026-08-01,DEL,MAA,AI,Business,30,6058.13,INR
2026-07-24,DEL,MAA,6E,Economy,25,5301.49,INR
2026-08-13,BLR,HYD,QP,Economy,30,3937.39,INR
2026-08-18,BLR,HYD,SG,Economy,45,3214.6,INR
2026-08-03,DEL,CCU,6E,Economy,21,6338.97,INR
2026-07-17,DEL,BOM,QP,Business,25,5266.7,INR
2026-08-01,DEL,BOM,QP,Economy,10,6084.77,INR
2026-07-19,DEL,MAA,UK,Economy,45,5896.48,INR
2026-07-31,DEL,HYD,UK,Economy,45,5574.06,INR
2026-07-20,BLR,HYD,AI,Business,40,4082.96,INR
2026-07-24,DEL,HYD,SG,Economy,10,4887.9,INR
2026-08-24,BLR,HYD,UK,Economy,14,6449.09,INR
2026-07-19,DEL,BOM,UK,Economy,30,6453.35,INR
2026-08-23,BLR,HYD,SG,Business,3,4567.67,INR
2026-07-26,DEL,HYD,QP,Economy,5,6035.25,INR
2026-07-26,DEL,HYD,AI,Economy,21,5517.69,INR
2026-08-12,DEL,MAA,SG,Economy,30,4680.82,INR
2026-08-20,BOM,BLR,SG,Economy,35,3620.92,INR
2026-08-11,DEL,CCU,UK,Economy,40,7089.37,INR
2026-07-23,DEL,HYD,SG,Business,7,5346.33,INR
2026-07-27,DEL,BOM,UK,Economy,30,6413.0,INR
2026-08-07,DEL,BOM,QP,Economy,10,5896.23,INR
2026-08-19,DEL,CCU,SG,Business,18,6370.52,INR
2026-08-26,DEL,MAA,6E,Business,5,6385.69,INR
2026-07-23,DEL,BOM,AI,Economy,3,6717.1,INR
2026-08-01,DEL,MAA,AI,Economy,3,8129.73,INR
2026-08-24,DEL,MAA,UK,Economy,21,8100.68,INR
2026-07-15,DEL,BOM,AI,Economy,40,4686.91,INR
2026-08-25,BLR,HYD,6E,Economy,14,4604.54,INR
2026-07-20,DEL,HYD,AI,Business,30,4888.63,INR
2026-08-22,DEL,BOM,AI,Economy,30,5135.98,INR
2026-08-26,DEL,MAA,QP,Economy,5,7148.21,INR
2026-08-21,BOM,BLR,SG,Economy,35,3623.26,INR
2026-07-26,DEL,CCU,6E,Economy,35,5582.99,INR
2026-08-16,DEL,MAA,QP,Economy,10,6776.92,INR
2026-08-01,DEL,HYD,UK,Business,40,5588.07,INR
2026-08-02,BLR,HYD,UK,Economy,18,5551.38,INR
2026-08-15,DEL,CCU,6E,Economy,14,6983.21,INR
2026-08-21,DEL,BOM,UK,Economy,7,8395.24,INR
2026-08-22,DEL,MAA,UK,Economy,5,8714.88,INR
2026-08-04,BLR,HYD,UK,Business,35,4771.03,INR
2026-07-19,BOM,BLR,SG,Economy,35,3342.8,INR
2026-08-20,DEL,HYD,UK,Economy,2,8267.63,INR
2026-08-13,DEL,HYD,6E,Economy,5,5919.24,INR
2026-08-01,BLR,HYD,AI,Economy,10,5575.87,INR
2026-08-02,BOM,BLR,UK,Economy,1,6346.65,INR
2026-08-06,BOM,BLR,QP,Business,35,3666.42,INR
2026-07-27,DEL,BOM,QP,Economy,25,5062.68,INR
2026-07-24,DEL,CCU,6E,Economy,2,7381.11,INR
2026-08-18,DEL,MAA,QP,Economy,12,-500,INR
2026-08-09,BOM,BLR,6E,Economy,18,4207.4,INR
2026-08-06,DEL,HYD,UK,Economy,40,5822.37,INR
2026-07-25,BOM,BLR,6E,Economy,10,4570.45,INR
2026-07-17,BOM,BLR,6E,Economy,1,5274.97,INR
2026-07-18,BLR,HYD,SG,Economy,10,4428.44,INR
2026-07-19,DEL,BOM,AI,Economy,7,6260.11,INR
2026-08-14,DEL,CCU,UK,Economy,2,10802.7,INR
2026-07-28,DEL,CCU,UK,Business,7,9513.66,INR
2026-07-28,DEL,HYD,QP,Economy,45,3802.69,INR
2026-07-19,DEL,MAA,QP,Economy,35,5337.01,INR
2026-07-22,BLR,HYD,SG,Economy,2,5103.9,INR
2026-07-19,DEL,MAA,AI,Economy,10,6860.66,INR
2026-08-13,DEL,HYD,6E,Economy,25,4901.55,INR
2026-08-01,DEL,MAA,QP,Economy,40,5266.35,INR
2026-07-21,DEL,MAA,UK,Economy,3,8606.11,INR
2026-08-05,BOM,BLR,AI,Economy,18,4733.69,INR
2026-07-15,DEL,MAA,SG,Economy,35,5062.2,INR
2026-08-16,BOM,BLR,QP,Economy,5,5194.4,INR
2026-08-21,DEL,BOM,UK,Economy,10,8022.21,INR
2026-08-06,BOM,BLR,AI,Economy,10,5390.29,INR
2026-07-15,DEL,CCU,AI,Economy,18,6808.92,INR
2026-07-28,BLR,HYD,6E,Economy,14,4723.96,INR
2026-08-18,BLR,HYD,AI,Economy,14,4823.3,INR
2026-08-10,DEL,CCU,6E,Economy,7,6741.83,INR
2026-08-18,DEL,CCU,QP,Economy,18,6145.33,INR
2026-08-08,DEL,BOM,AI,Economy,10,6803.55,INR
2026-08-24,DEL,MAA,AI,Economy,3,7268.88,INR
2026-08-19,DEL,MAA,SG,Economy,14,5783.26,INR
2026-07-20,DEL,HYD,UK,Business,1,7939.6,INR
2026-08-22,DEL,BOM,UK,Economy,1,8954.2,INR
2026-07-28,BOM,BLR,QP,Business,18,4602.75,INR
2026-07-23,BLR,HYD,UK,Economy,1,7078.51,INR
2026-08-06,DEL,MAA,6E,Business,10,6688.94,INR
2026-08-07,BLR,HYD,SG,Economy,7,4797.95,INR
2026-08-21,BLR,HYD,AI,Economy,30,4341.66,INR
2026-08-22,BLR,HYD,UK,Economy,2,6852.98,INR
2026-08-23,DEL,MAA,SG,Economy,7,5899.48,INR
2026-07-23,DEL,BOM,6E,Economy,3,6093.33,INR
2026-07-24,DEL,BOM,SG,Economy,40,4250.48,INR
2026-07-31,DEL,MAA,QP,Economy,18,5637.89,INR
2026-08-04,DEL,HYD,QP,Economy,45,3915.84,INR
2026-08-07,BLR,HYD,QP,Economy,2,4870.19,INR
2026-08-22,DEL,HYD,QP,Economy,30,4423.2,INR
2026-07-24,BLR,HYD,AI,Economy,21,5066.04,INR
2026-08-01,DEL,BOM,SG,Business,30,4408.29,INR
2026-07-24,BLR,HYD,UK,Economy,3,6735.98,INR
2026-08-27,DEL,CCU,AI,Economy,3,8449.49,INR
2026-08-19,DEL,CCU,QP,Economy,25,6160.32,INR
2026-08-08,DEL,HYD,QP,Business,14,5601.23,INR
2026-07-23,DEL,BOM,SG,Economy,18,5174.17,INR
2026-08-02,DEL,HYD,UK,Economy,18,6507.35,INR
2026-07-17,BOM,BLR,SG,Economy,7,4220.41,INR
2026-07-15,BOM,BLR,6E,Economy,1,4941.31,INR
